frame,timestamp_sec,track_id,class_id,class_name,confidence,x1,y1,x2,y2,center_x,center_y,camera_id,camera_latitude,camera_longitude
1,0.033,1,2,car,0.8427,50,90,95,132,72,111,CAM_01,28.6139,77.209
1,0.033,2,2,car,0.7934,76,86,109,119,92,102,CAM_01,28.6139,77.209
1,0.033,3,2,car,0.7368,146,78,185,115,165,96,CAM_01,28.6139,77.209
1,0.033,4,2,car,0.7056,33,130,78,143,55,136,CAM_01,28.6139,77.209
1,0.033,5,2,car,0.6839,85,67,116,94,100,80,CAM_01,28.6139,77.209
1,0.033,6,2,car,0.6261,136,59,162,81,149,70,CAM_01,28.6139,77.209
1,0.033,7,5,bus,0.4666,139,29,161,54,150,41,CAM_01,28.6139,77.209
1,0.033,8,7,truck,0.452,149,113,220,143,184,128,CAM_01,28.6139,77.209
1,0.033,9,2,car,0.448,0,45,24,65,12,55,CAM_01,28.6139,77.209
1,0.033,10,7,truck,0.3947,160,34,175,51,167,42,CAM_01,28.6139,77.209
1,0.033,11,2,car,0.373,86,55,110,70,98,62,CAM_01,28.6139,77.209
1,0.033,12,2,car,0.3347,150,113,220,143,185,128,CAM_01,28.6139,77.209
2,0.067,1,2,car,0.8384,50,91,95,132,72,111,CAM_01,28.6139,77.209
2,0.067,2,2,car,0.7844,76,87,109,119,92,103,CAM_01,28.6139,77.209
2,0.067,3,2,car,0.7567,146,77,186,116,166,96,CAM_01,28.6139,77.209
2,0.067,4,2,car,0.6983,33,130,78,143,55,136,CAM_01,28.6139,77.209
2,0.067,5,2,car,0.7179,85,67,116,95,100,81,CAM_01,28.6139,77.209
2,0.067,6,2,car,0.6403,136,59,162,81,149,70,CAM_01,28.6139,77.209
2,0.067,7,5,bus,0.4877,139,29,161,54,150,41,CAM_01,28.6139,77.209
2,0.067,8,7,truck,0.383,150,113,220,143,185,128,CAM_01,28.6139,77.209
2,0.067,9,2,car,0.7219,0,45,24,65,12,55,CAM_01,28.6139,77.209
2,0.067,10,7,truck,0.3745,160,34,175,51,167,42,CAM_01,28.6139,77.209
2,0.067,11,2,car,0.4061,86,55,110,70,98,62,CAM_01,28.6139,77.209
2,0.067,12,2,car,0.3589,151,113,220,143,185,128,CAM_01,28.6139,77.209
3,0.1,1,2,car,0.8433,50,91,95,132,72,111,CAM_01,28.6139,77.209
3,0.1,2,2,car,0.8014,76,87,109,120,92,103,CAM_01,28.6139,77.209
3,0.1,3,2,car,0.8259,146,78,186,116,166,97,CAM_01,28.6139,77.209
3,0.1,4,2,car,0.654,33,131,76,143,54,137,CAM_01,28.6139,77.209
3,0.1,5,2,car,0.6883,85,68,116,95,100,81,CAM_01,28.6139,77.209
3,0.1,6,2,car,0.6113,136,59,162,81,149,70,CAM_01,28.6139,77.209
3,0.1,7,5,bus,0.4849,139,29,161,54,150,41,CAM_01,28.6139,77.209
3,0.1,8,7,truck,0.3535,151,113,221,143,186,128,CAM_01,28.6139,77.209
3,0.1,9,2,car,0.7816,0,45,24,65,12,55,CAM_01,28.6139,77.209
3,0.1,11,2,car,0.4645,87,55,109,69,98,62,CAM_01,28.6139,77.209
3,0.1,12,2,car,0.3556,154,115,219,143,186,129,CAM_01,28.6139,77.209
3,0.1,13,2,car,0.3959,18,35,40,58,29,46,CAM_01,28.6139,77.209
3,0.1,14,2,car,0.3476,39,39,53,51,46,45,CAM_01,28.6139,77.209
4,0.133,1,2,car,0.852,50,92,95,133,72,112,CAM_01,28.6139,77.209
4,0.133,2,2,car,0.8532,76,87,108,120,92,103,CAM_01,28.6139,77.209
4,0.133,3,2,car,0.7487,146,78,186,117,166,97,CAM_01,28.6139,77.209
4,0.133,4,2,car,0.5982,34,132,74,143,54,137,CAM_01,28.6139,77.209
4,0.133,5,2,car,0.7396,84,68,115,95,99,81,CAM_01,28.6139,77.209
4,0.133,6,2,car,0.6252,136,59,162,81,149,70,CAM_01,28.6139,77.209
4,0.133,7,5,bus,0.468,139,29,161,54,150,41,CAM_01,28.6139,77.209
4,0.133,8,7,truck,0.3134,153,114,221,143,187,128,CAM_01,28.6139,77.209
4,0.133,9,2,car,0.7974,0,45,24,65,12,55,CAM_01,28.6139,77.209
4,0.133,11,2,car,0.5385,87,55,109,69,98,62,CAM_01,28.6139,77.209
4,0.133,12,2,car,0.456,155,115,220,143,187,129,CAM_01,28.6139,77.209
4,0.133,13,2,car,0.5247,18,36,41,58,29,47,CAM_01,28.6139,77.209
4,0.133,14,2,car,0.4128,39,39,54,51,46,45,CAM_01,28.6139,77.209
4,0.133,10,7,truck,0.3413,160,34,175,51,167,42,CAM_01,28.6139,77.209
5,0.167,1,2,car,0.8352,49,92,95,134,72,113,CAM_01,28.6139,77.209
5,0.167,2,2,car,0.8402,75,88,108,121,91,104,CAM_01,28.6139,77.209
5,0.167,3,2,car,0.7211,146,78,186,117,166,97,CAM_01,28.6139,77.209
5,0.167,4,2,car,0.6133,35,133,72,143,53,138,CAM_01,28.6139,77.209
5,0.167,5,2,car,0.7056,84,68,115,96,99,82,CAM_01,28.6139,77.209
5,0.167,6,2,car,0.5994,136,59,162,82,149,70,CAM_01,28.6139,77.209
5,0.167,7,5,bus,0.4797,139,29,161,54,150,41,CAM_01,28.6139,77.209
5,0.167,8,7,truck,0.3673,153,114,221,143,187,128,CAM_01,28.6139,77.209
5,0.167,9,2,car,0.763,1,45,24,65,12,55,CAM_01,28.6139,77.209
5,0.167,11,2,car,0.5161,87,56,109,68,98,62,CAM_01,28.6139,77.209
5,0.167,12,2,car,0.478,155,114,221,143,188,128,CAM_01,28.6139,77.209
5,0.167,13,2,car,0.4671,19,35,41,58,30,46,CAM_01,28.6139,77.209
5,0.167,14,2,car,0.3783,40,39,54,51,47,45,CAM_01,28.6139,77.209
5,0.167,10,7,truck,0.3497,160,34,175,51,167,42,CAM_01,28.6139,77.209
6,0.2,1,2,car,0.8464,49,93,95,135,72,114,CAM_01,28.6139,77.209
6,0.2,2,2,car,0.8514,75,88,109,122,92,105,CAM_01,28.6139,77.209
6,0.2,3,2,car,0.7706,146,79,186,118,166,98,CAM_01,28.6139,77.209
6,0.2,4,2,car,0.6342,36,133,71,143,53,138,CAM_01,28.6139,77.209
6,0.2,5,2,car,0.7364,83,68,115,96,99,82,CAM_01,28.6139,77.209
6,0.2,6,2,car,0.6141,136,59,162,82,149,70,CAM_01,28.6139,77.209
6,0.2,7,5,bus,0.4717,139,29,161,55,150,42,CAM_01,28.6139,77.209
6,0.2,8,7,truck,0.3089,154,114,221,143,187,128,CAM_01,28.6139,77.209
6,0.2,9,2,car,0.7492,1,45,24,65,12,55,CAM_01,28.6139,77.209
6,0.2,11,2,car,0.4926,87,56,109,69,98,62,CAM_01,28.6139,77.209
6,0.2,12,2,car,0.5124,155,115,221,143,188,129,CAM_01,28.6139,77.209
6,0.2,13,2,car,0.4782,19,35,41,58,30,46,CAM_01,28.6139,77.209
6,0.2,14,2,car,0.3922,40,39,54,51,47,45,CAM_01,28.6139,77.209
6,0.2,10,7,truck,0.3295,161,34,176,51,168,42,CAM_01,28.6139,77.209
7,0.233,1,2,car,0.8119,49,93,94,135,71,114,CAM_01,28.6139,77.209
7,0.233,2,2,car,0.8021,75,89,108,123,91,106,CAM_01,28.6139,77.209
7,0.233,3,2,car,0.6853,146,80,186,118,166,99,CAM_01,28.6139,77.209
7,0.233,4,2,car,0.5512,37,135,69,143,53,139,CAM_01,28.6139,77.209
7,0.233,5,2,car,0.7226,83,69,115,96,99,82,CAM_01,28.6139,77.209
7,0.233,6,2,car,0.6208,136,59,162,82,149,70,CAM_01,28.6139,77.209
7,0.233,7,5,bus,0.4701,139,29,161,55,150,42,CAM_01,28.6139,77.209
7,0.233,8,7,truck,0.3959,155,115,221,143,188,129,CAM_01,28.6139,77.209
7,0.233,9,2,car,0.7565,1,45,25,65,13,55,CAM_01,28.6139,77.209
7,0.233,11,2,car,0.491,87,56,109,69,98,62,CAM_01,28.6139,77.209
7,0.233,12,2,car,0.3694,157,116,220,143,188,129,CAM_01,28.6139,77.209
7,0.233,13,2,car,0.4111,19,35,41,57,30,46,CAM_01,28.6139,77.209
7,0.233,14,2,car,0.3532,40,39,54,51,47,45,CAM_01,28.6139,77.209
8,0.267,1,2,car,0.8156,48,94,94,136,71,115,CAM_01,28.6139,77.209
8,0.267,2,2,car,0.7898,74,89,108,123,91,106,CAM_01,28.6139,77.209
8,0.267,3,2,car,0.7112,146,80,186,119,166,99,CAM_01,28.6139,77.209
8,0.267,4,2,car,0.5683,37,135,68,143,52,139,CAM_01,28.6139,77.209
8,0.267,5,2,car,0.6857,83,69,115,96,99,82,CAM_01,28.6139,77.209
8,0.267,6,2,car,0.5812,135,59,162,82,148,70,CAM_01,28.6139,77.209
8,0.267,7,5,bus,0.4523,139,29,161,54,150,41,CAM_01,28.6139,77.209
8,0.267,8,7,truck,0.356,156,115,220,143,188,129,CAM_01,28.6139,77.209
8,0.267,9,2,car,0.7212,2,45,26,64,14,54,CAM_01,28.6139,77.209
8,0.267,11,2,car,0.4889,87,56,109,69,98,62,CAM_01,28.6139,77.209
8,0.267,12,2,car,0.4205,158,117,219,143,188,130,CAM_01,28.6139,77.209
8,0.267,13,2,car,0.3059,20,35,41,57,30,46,CAM_01,28.6139,77.209
8,0.267,14,2,car,0.3378,40,39,54,50,47,44,CAM_01,28.6139,77.209
9,0.3,1,2,car,0.7938,48,94,94,136,71,115,CAM_01,28.6139,77.209
9,0.3,2,2,car,0.7939,74,90,108,123,91,106,CAM_01,28.6139,77.209
9,0.3,3,2,car,0.7683,146,80,186,119,166,99,CAM_01,28.6139,77.209
9,0.3,4,2,car,0.4093,38,136,66,144,52,140,CAM_01,28.6139,77.209
9,0.3,5,2,car,0.7222,83,69,115,97,99,83,CAM_01,28.6139,77.209
9,0.3,6,2,car,0.5761,135,59,162,82,148,70,CAM_01,28.6139,77.209
9,0.3,7,5,bus,0.4416,139,29,161,54,150,41,CAM_01,28.6139,77.209
9,0.3,8,7,truck,0.3823,156,116,220,143,188,129,CAM_01,28.6139,77.209
9,0.3,9,2,car,0.7036,2,45,26,64,14,54,CAM_01,28.6139,77.209
9,0.3,11,2,car,0.4982,87,56,109,70,98,63,CAM_01,28.6139,77.209
9,0.3,12,2,car,0.4136,158,117,220,143,189,130,CAM_01,28.6139,77.209
9,0.3,13,7,truck,0.357,20,35,41,56,30,45,CAM_01,28.6139,77.209
9,0.3,10,7,truck,0.4052,161,34,176,51,168,42,CAM_01,28.6139,77.209
10,0.333,1,2,car,0.8117,48,95,94,137,71,116,CAM_01,28.6139,77.209
10,0.333,2,2,car,0.7596,74,90,108,123,91,106,CAM_01,28.6139,77.209
10,0.333,3,2,car,0.7662,146,80,187,119,166,99,CAM_01,28.6139,77.209
10,0.333,4,2,car,0.4002,39,137,64,144,51,140,CAM_01,28.6139,77.209
10,0.333,5,2,car,0.7374,82,69,114,97,98,83,CAM_01,28.6139,77.209
10,0.333,6,2,car,0.5889,135,59,162,82,148,70,CAM_01,28.6139,77.209
10,0.333,7,5,bus,0.4472,139,29,161,54,150,41,CAM_01,28.6139,77.209
10,0.333,9,2,car,0.6933,3,45,27,64,15,54,CAM_01,28.6139,77.209
10,0.333,11,2,car,0.5013,86,56,109,70,97,63,CAM_01,28.6139,77.209
10,0.333,12,2,car,0.5232,158,117,219,143,188,130,CAM_01,28.6139,77.209
10,0.333,13,7,truck,0.3624,20,35,42,56,31,45,CAM_01,28.6139,77.209
10,0.333,10,7,truck,0.3517,161,34,176,51,168,42,CAM_01,28.6139,77.209
11,0.367,1,2,car,0.816,48,95,94,137,71,116,CAM_01,28.6139,77.209
11,0.367,2,2,car,0.7912,74,90,108,124,91,107,CAM_01,28.6139,77.209
11,0.367,3,2,car,0.7609,146,80,187,119,166,99,CAM_01,28.6139,77.209
11,0.367,4,2,car,0.4018,39,138,64,144,51,141,CAM_01,28.6139,77.209
11,0.367,5,2,car,0.7019,82,70,114,97,98,83,CAM_01,28.6139,77.209
11,0.367,6,2,car,0.5773,136,59,162,82,149,70,CAM_01,28.6139,77.209
11,0.367,7,5,bus,0.4943,139,29,161,54,150,41,CAM_01,28.6139,77.209
11,0.367,9,2,car,0.7083,3,45,27,64,15,54,CAM_01,28.6139,77.209
11,0.367,11,2,car,0.5114,86,56,110,70,98,63,CAM_01,28.6139,77.209
11,0.367,12,2,car,0.5075,158,117,220,143,189,130,CAM_01,28.6139,77.209
11,0.367,13,7,truck,0.3513,21,35,42,56,31,45,CAM_01,28.6139,77.209
11,0.367,10,7,truck,0.3522,161,34,176,51,168,42,CAM_01,28.6139,77.209
12,0.4,1,2,car,0.8158,48,95,94,137,71,116,CAM_01,28.6139,77.209
12,0.4,2,2,car,0.7969,73,90,107,124,90,107,CAM_01,28.6139,77.209
12,0.4,3,2,car,0.7467,146,80,187,120,166,100,CAM_01,28.6139,77.209
12,0.4,5,2,car,0.7137,82,70,114,97,98,83,CAM_01,28.6139,77.209
12,0.4,6,2,car,0.6023,135,59,162,83,148,71,CAM_01,28.6139,77.209
12,0.4,7,5,bus,0.4689,139,29,162,55,150,42,CAM_01,28.6139,77.209
12,0.4,9,2,car,0.7241,3,45,27,64,15,54,CAM_01,28.6139,77.209
12,0.4,11,2,car,0.523,86,56,110,71,98,63,CAM_01,28.6139,77.209
12,0.4,12,2,car,0.6525,158,118,219,143,188,130,CAM_01,28.6139,77.209
12,0.4,13,7,truck,0.3234,21,35,42,56,31,45,CAM_01,28.6139,77.209
12,0.4,10,7,truck,0.3759,161,34,177,51,169,42,CAM_01,28.6139,77.209
13,0.433,1,2,car,0.801,48,95,94,138,71,116,CAM_01,28.6139,77.209
13,0.433,2,2,car,0.7774,73,91,107,125,90,108,CAM_01,28.6139,77.209
13,0.433,3,2,car,0.7299,146,81,187,121,166,101,CAM_01,28.6139,77.209
13,0.433,5,2,car,0.697,82,70,114,97,98,83,CAM_01,28.6139,77.209
13,0.433,6,2,car,0.5729,135,59,162,83,148,71,CAM_01,28.6139,77.209
13,0.433,7,5,bus,0.45,139,29,162,55,150,42,CAM_01,28.6139,77.209
13,0.433,9,2,car,0.7371,4,45,28,64,16,54,CAM_01,28.6139,77.209
13,0.433,11,2,car,0.5166,86,56,110,71,98,63,CAM_01,28.6139,77.209
13,0.433,12,2,car,0.6161,159,119,219,143,189,131,CAM_01,28.6139,77.209
13,0.433,13,7,truck,0.3056,21,35,42,56,31,45,CAM_01,28.6139,77.209
13,0.433,10,7,truck,0.3888,162,34,177,51,169,42,CAM_01,28.6139,77.209
14,0.467,1,2,car,0.8297,48,96,94,138,71,117,CAM_01,28.6139,77.209
14,0.467,2,2,car,0.7847,73,91,107,126,90,108,CAM_01,28.6139,77.209
14,0.467,3,2,car,0.7383,146,81,187,121,166,101,CAM_01,28.6139,77.209
14,0.467,5,2,car,0.7284,81,70,114,97,97,83,CAM_01,28.6139,77.209
14,0.467,6,2,car,0.6382,135,59,162,83,148,71,CAM_01,28.6139,77.209
14,0.467,7,5,bus,0.4275,139,29,163,56,151,42,CAM_01,28.6139,77.209
14,0.467,9,2,car,0.6975,4,44,28,64,16,54,CAM_01,28.6139,77.209
14,0.467,11,2,car,0.5278,85,56,110,71,97,63,CAM_01,28.6139,77.209
14,0.467,12,2,car,0.6475,159,119,220,143,189,131,CAM_01,28.6139,77.209
14,0.467,13,7,truck,0.3446,21,35,43,56,32,45,CAM_01,28.6139,77.209
14,0.467,10,7,truck,0.3908,162,34,177,51,169,42,CAM_01,28.6139,77.209
15,0.5,1,2,car,0.8397,48,96,94,139,71,117,CAM_01,28.6139,77.209
15,0.5,2,2,car,0.795,72,91,107,126,89,108,CAM_01,28.6139,77.209
15,0.5,3,2,car,0.7661,147,82,187,121,167,101,CAM_01,28.6139,77.209
15,0.5,5,2,car,0.7169,81,70,115,98,98,84,CAM_01,28.6139,77.209
15,0.5,6,2,car,0.6254,135,59,163,83,149,71,CAM_01,28.6139,77.209
15,0.5,7,5,bus,0.474,139,29,163,56,151,42,CAM_01,28.6139,77.209
15,0.5,9,2,car,0.6681,4,44,28,64,16,54,CAM_01,28.6139,77.209
15,0.5,11,2,car,0.5387,85,56,110,71,97,63,CAM_01,28.6139,77.209
15,0.5,12,2,car,0.5688,160,119,220,143,190,131,CAM_01,28.6139,77.209
15,0.5,13,2,car,0.3546,21,35,43,56,32,45,CAM_01,28.6139,77.209
15,0.5,19,2,car,0.3503,147,72,178,98,162,85,CAM_01,28.6139,77.209
15,0.5,14,2,car,0.3056,42,38,56,50,49,44,CAM_01,28.6139,77.209
16,0.533,1,2,car,0.8173,47,97,93,140,70,118,CAM_01,28.6139,77.209
16,0.533,2,2,car,0.7651,72,92,107,126,89,109,CAM_01,28.6139,77.209
16,0.533,3,2,car,0.7183,147,82,187,122,167,102,CAM_01,28.6139,77.209
16,0.533,5,2,car,0.6956,81,70,115,98,98,84,CAM_01,28.6139,77.209
16,0.533,6,2,car,0.5949,135,59,163,84,149,71,CAM_01,28.6139,77.209
16,0.533,7,5,bus,0.4637,139,29,163,57,151,43,CAM_01,28.6139,77.209
16,0.533,9,2,car,0.6928,5,44,28,64,16,54,CAM_01,28.6139,77.209
16,0.533,11,2,car,0.551,85,57,110,71,97,64,CAM_01,28.6139,77.209
16,0.533,12,2,car,0.6696,160,120,220,143,190,131,CAM_01,28.6139,77.209
16,0.533,13,2,car,0.3789,22,35,43,56,32,45,CAM_01,28.6139,77.209
16,0.533,20,7,truck,0.3367,21,35,43,56,32,45,CAM_01,28.6139,77.209
16,0.533,14,2,car,0.4169,42,38,56,50,49,44,CAM_01,28.6139,77.209
17,0.567,1,2,car,0.8184,46,97,93,140,69,118,CAM_01,28.6139,77.209
17,0.567,2,2,car,0.7494,72,92,107,126,89,109,CAM_01,28.6139,77.209
17,0.567,3,2,car,0.7482,147,83,187,122,167,102,CAM_01,28.6139,77.209
17,0.567,5,2,car,0.6828,81,70,115,99,98,84,CAM_01,28.6139,77.209
17,0.567,6,2,car,0.56,136,60,163,84,149,72,CAM_01,28.6139,77.209
17,0.567,7,5,bus,0.4629,139,29,163,57,151,43,CAM_01,28.6139,77.209
17,0.567,9,2,car,0.6763,5,44,28,63,16,53,CAM_01,28.6139,77.209
17,0.567,11,2,car,0.535,85,57,110,72,97,64,CAM_01,28.6139,77.209
17,0.567,12,2,car,0.511,160,120,220,143,190,131,CAM_01,28.6139,77.209
17,0.567,13,2,car,0.3386,22,35,43,56,32,45,CAM_01,28.6139,77.209
17,0.567,20,7,truck,0.3322,21,35,43,56,32,45,CAM_01,28.6139,77.209
17,0.567,14,2,car,0.4171,42,38,56,50,49,44,CAM_01,28.6139,77.209
17,0.567,21,7,truck,0.3798,139,29,163,58,151,43,CAM_01,28.6139,77.209
17,0.567,19,2,car,0.3026,147,72,178,98,162,85,CAM_01,28.6139,77.209
18,0.6,1,2,car,0.8178,46,98,93,141,69,119,CAM_01,28.6139,77.209
18,0.6,2,2,car,0.7356,72,93,107,127,89,110,CAM_01,28.6139,77.209
18,0.6,3,2,car,0.7538,146,83,187,122,166,102,CAM_01,28.6139,77.209
18,0.6,5,2,car,0.7379,81,71,115,99,98,85,CAM_01,28.6139,77.209
18,0.6,6,2,car,0.6099,136,60,163,84,149,72,CAM_01,28.6139,77.209
18,0.6,7,5,bus,0.5344,139,29,163,57,151,43,CAM_01,28.6139,77.209
18,0.6,9,2,car,0.6456,5,44,29,63,17,53,CAM_01,28.6139,77.209
18,0.6,11,2,car,0.5487,85,57,110,72,97,64,CAM_01,28.6139,77.209
18,0.6,12,2,car,0.4671,162,121,220,143,191,132,CAM_01,28.6139,77.209
18,0.6,13,2,car,0.3067,22,35,43,56,32,45,CAM_01,28.6139,77.209
18,0.6,20,7,truck,0.3418,21,35,43,56,32,45,CAM_01,28.6139,77.209
18,0.6,14,2,car,0.3953,42,38,56,50,49,44,CAM_01,28.6139,77.209
18,0.6,19,2,car,0.4342,147,72,178,98,162,85,CAM_01,28.6139,77.209
19,0.633,1,2,car,0.8082,46,98,93,141,69,119,CAM_01,28.6139,77.209
19,0.633,2,2,car,0.782,71,93,107,128,89,110,CAM_01,28.6139,77.209
19,0.633,3,2,car,0.7581,147,83,187,123,167,103,CAM_01,28.6139,77.209
19,0.633,5,2,car,0.7612,80,71,115,100,97,85,CAM_01,28.6139,77.209
19,0.633,6,2,car,0.5937,136,60,163,84,149,72,CAM_01,28.6139,77.209
19,0.633,7,5,bus,0.555,139,29,163,57,151,43,CAM_01,28.6139,77.209
19,0.633,9,2,car,0.6809,6,44,29,63,17,53,CAM_01,28.6139,77.209
19,0.633,11,2,car,0.6099,85,57,110,72,97,64,CAM_01,28.6139,77.209
19,0.633,12,2,car,0.5559,161,121,221,143,191,132,CAM_01,28.6139,77.209
19,0.633,13,7,truck,0.3178,22,35,43,56,32,45,CAM_01,28.6139,77.209
19,0.633,20,2,car,0.3139,22,35,44,56,33,45,CAM_01,28.6139,77.209
19,0.633,14,2,car,0.3854,42,38,56,50,49,44,CAM_01,28.6139,77.209
19,0.633,19,2,car,0.3749,148,73,178,98,163,85,CAM_01,28.6139,77.209
20,0.667,1,2,car,0.8146,46,99,93,142,69,120,CAM_01,28.6139,77.209
20,0.667,2,2,car,0.8,71,94,106,129,88,111,CAM_01,28.6139,77.209
20,0.667,3,2,car,0.7602,147,83,187,123,167,103,CAM_01,28.6139,77.209
20,0.667,5,2,car,0.7809,80,71,115,100,97,85,CAM_01,28.6139,77.209
20,0.667,6,2,car,0.5773,135,60,163,84,149,72,CAM_01,28.6139,77.209
20,0.667,7,5,bus,0.5497,139,29,163,57,151,43,CAM_01,28.6139,77.209
20,0.667,9,2,car,0.7392,6,44,30,62,18,53,CAM_01,28.6139,77.209
20,0.667,11,2,car,0.5769,84,57,110,72,97,64,CAM_01,28.6139,77.209
20,0.667,12,2,car,0.5624,160,121,221,143,190,132,CAM_01,28.6139,77.209
20,0.667,13,7,truck,0.3197,22,35,44,55,33,45,CAM_01,28.6139,77.209
20,0.667,20,2,car,0.3004,22,35,44,55,33,45,CAM_01,28.6139,77.209
20,0.667,14,2,car,0.3646,42,38,56,50,49,44,CAM_01,28.6139,77.209
20,0.667,19,2,car,0.3008,147,73,178,99,162,86,CAM_01,28.6139,77.209
21,0.7,1,2,car,0.8074,46,99,93,143,69,121,CAM_01,28.6139,77.209
21,0.7,2,2,car,0.8046,71,94,106,129,88,111,CAM_01,28.6139,77.209
21,0.7,3,2,car,0.7678,147,83,187,123,167,103,CAM_01,28.6139,77.209
21,0.7,5,2,car,0.7999,80,71,114,100,97,85,CAM_01,28.6139,77.209
21,0.7,6,2,car,0.6094,135,60,163,85,149,72,CAM_01,28.6139,77.209
21,0.7,7,5,bus,0.5167,139,29,163,56,151,42,CAM_01,28.6139,77.209
21,0.7,9,2,car,0.7574,7,44,30,62,18,53,CAM_01,28.6139,77.209
21,0.7,11,2,car,0.6539,85,57,110,72,97,64,CAM_01,28.6139,77.209
21,0.7,12,2,car,0.5288,161,122,221,143,191,132,CAM_01,28.6139,77.209
21,0.7,13,7,truck,0.3713,23,35,44,55,33,45,CAM_01,28.6139,77.209
21,0.7,14,2,car,0.4025,42,38,56,50,49,44,CAM_01,28.6139,77.209
21,0.7,19,2,car,0.3565,148,73,177,98,162,85,CAM_01,28.6139,77.209
21,0.7,23,2,car,0.3551,0,48,8,72,4,60,CAM_01,28.6139,77.209
21,0.7,10,7,truck,0.3195,162,34,176,51,169,42,CAM_01,28.6139,77.209
22,0.733,1,2,car,0.8258,45,100,92,143,68,121,CAM_01,28.6139,77.209
22,0.733,2,2,car,0.8253,71,94,106,129,88,111,CAM_01,28.6139,77.209
22,0.733,3,2,car,0.7931,147,84,187,124,167,104,CAM_01,28.6139,77.209
22,0.733,5,2,car,0.818,79,71,114,100,96,85,CAM_01,28.6139,77.209
22,0.733,6,2,car,0.6244,135,60,163,85,149,72,CAM_01,28.6139,77.209
22,0.733,7,5,bus,0.5394,140,29,163,55,151,42,CAM_01,28.6139,77.209
22,0.733,9,2,car,0.783,7,43,30,62,18,52,CAM_01,28.6139,77.209
22,0.733,11,2,car,0.6694,85,57,110,72,97,64,CAM_01,28.6139,77.209
22,0.733,12,2,car,0.561,161,123,222,143,191,133,CAM_01,28.6139,77.209
22,0.733,14,2,car,0.4094,43,38,56,50,49,44,CAM_01,28.6139,77.209
22,0.733,19,2,car,0.4429,147,73,177,98,162,85,CAM_01,28.6139,77.209
22,0.733,23,2,car,0.5648,0,48,8,71,4,59,CAM_01,28.6139,77.209
23,0.767,1,2,car,0.832,45,100,92,143,68,121,CAM_01,28.6139,77.209
23,0.767,2,2,car,0.8176,71,95,106,130,88,112,CAM_01,28.6139,77.209
23,0.767,3,2,car,0.7908,147,84,188,125,167,104,CAM_01,28.6139,77.209
23,0.767,5,2,car,0.804,79,71,114,100,96,85,CAM_01,28.6139,77.209
23,0.767,6,2,car,0.5734,135,60,163,85,149,72,CAM_01,28.6139,77.209
23,0.767,7,5,bus,0.5112,141,29,163,55,152,42,CAM_01,28.6139,77.209
23,0.767,9,2,car,0.7721,7,43,31,62,19,52,CAM_01,28.6139,77.209
23,0.767,11,2,car,0.6435,84,57,110,72,97,64,CAM_01,28.6139,77.209
23,0.767,12,2,car,0.56,161,123,222,143,191,133,CAM_01,28.6139,77.209
23,0.767,14,2,car,0.438,43,38,56,49,49,43,CAM_01,28.6139,77.209
23,0.767,19,2,car,0.4803,147,73,178,99,162,86,CAM_01,28.6139,77.209
23,0.767,23,2,car,0.518,0,48,8,71,4,59,CAM_01,28.6139,77.209
23,0.767,25,2,car,0.3189,95,53,116,69,105,61,CAM_01,28.6139,77.209
23,0.767,13,2,car,0.3403,23,35,44,55,33,45,CAM_01,28.6139,77.209
24,0.8,1,2,car,0.828,45,101,91,143,68,122,CAM_01,28.6139,77.209
24,0.8,2,2,car,0.8206,70,95,106,130,88,112,CAM_01,28.6139,77.209
24,0.8,3,2,car,0.7955,147,84,188,125,167,104,CAM_01,28.6139,77.209
24,0.8,5,2,car,0.7812,79,71,115,101,97,86,CAM_01,28.6139,77.209
24,0.8,6,2,car,0.5379,136,60,163,85,149,72,CAM_01,28.6139,77.209
24,0.8,7,5,bus,0.5105,141,29,163,54,152,41,CAM_01,28.6139,77.209
24,0.8,9,2,car,0.7902,8,43,31,62,19,52,CAM_01,28.6139,77.209
24,0.8,11,2,car,0.5967,85,57,110,73,97,65,CAM_01,28.6139,77.209
24,0.8,12,2,car,0.6037,162,124,222,143,192,133,CAM_01,28.6139,77.209
24,0.8,14,2,car,0.3745,43,38,56,49,49,43,CAM_01,28.6139,77.209
24,0.8,19,2,car,0.5137,147,74,178,99,162,86,CAM_01,28.6139,77.209
24,0.8,23,2,car,0.5588,0,48,8,71,4,59,CAM_01,28.6139,77.209
24,0.8,13,2,car,0.3596,23,34,44,55,33,44,CAM_01,28.6139,77.209
25,0.833,1,2,car,0.8217,45,101,91,143,68,122,CAM_01,28.6139,77.209
25,0.833,2,2,car,0.8036,70,96,106,131,88,113,CAM_01,28.6139,77.209
25,0.833,3,2,car,0.7813,147,84,189,126,168,105,CAM_01,28.6139,77.209
25,0.833,5,2,car,0.7668,79,72,115,101,97,86,CAM_01,28.6139,77.209
25,0.833,6,2,car,0.5384,136,61,163,85,149,73,CAM_01,28.6139,77.209
25,0.833,7,5,bus,0.4829,141,29,163,54,152,41,CAM_01,28.6139,77.209
25,0.833,9,2,car,0.7757,8,43,31,62,19,52,CAM_01,28.6139,77.209
25,0.833,11,2,car,0.6396,85,58,110,73,97,65,CAM_01,28.6139,77.209
25,0.833,12,2,car,0.5211,162,124,222,143,192,133,CAM_01,28.6139,77.209
25,0.833,14,2,car,0.3614,43,38,56,49,49,43,CAM_01,28.6139,77.209
25,0.833,19,2,car,0.4535,147,74,179,100,163,87,CAM_01,28.6139,77.209
25,0.833,23,2,car,0.6819,0,48,8,71,4,59,CAM_01,28.6139,77.209
25,0.833,13,2,car,0.3105,23,34,45,55,34,44,CAM_01,28.6139,77.209
25,0.833,27,2,car,0.4198,155,125,207,143,181,134,CAM_01,28.6139,77.209
26,0.867,1,2,car,0.7837,45,101,91,143,68,122,CAM_01,28.6139,77.209
26,0.867,2,2,car,0.8489,70,96,106,131,88,113,CAM_01,28.6139,77.209
26,0.867,3,2,car,0.8028,146,84,189,126,167,105,CAM_01,28.6139,77.209
26,0.867,5,2,car,0.8213,79,72,115,101,97,86,CAM_01,28.6139,77.209
26,0.867,6,2,car,0.5593,136,61,163,85,149,73,CAM_01,28.6139,77.209
26,0.867,7,5,bus,0.4764,141,29,163,54,152,41,CAM_01,28.6139,77.209
26,0.867,9,2,car,0.7909,8,43,31,62,19,52,CAM_01,28.6139,77.209
26,0.867,11,2,car,0.682,85,58,110,73,97,65,CAM_01,28.6139,77.209
26,0.867,12,2,car,0.5974,162,125,222,143,192,134,CAM_01,28.6139,77.209
26,0.867,14,2,car,0.3091,43,38,56,49,49,43,CAM_01,28.6139,77.209
26,0.867,19,2,car,0.4504,147,74,179,101,163,87,CAM_01,28.6139,77.209
26,0.867,23,2,car,0.6478,0,48,8,71,4,59,CAM_01,28.6139,77.209
26,0.867,13,2,car,0.3613,24,35,45,55,34,45,CAM_01,28.6139,77.209
26,0.867,27,2,car,0.4839,155,125,206,143,180,134,CAM_01,28.6139,77.209
27,0.9,1,2,car,0.8312,45,102,91,143,68,122,CAM_01,28.6139,77.209
27,0.9,2,2,car,0.8474,70,96,106,132,88,114,CAM_01,28.6139,77.209
27,0.9,3,2,car,0.7768,146,84,189,126,167,105,CAM_01,28.6139,77.209
27,0.9,5,2,car,0.8151,79,72,115,102,97,87,CAM_01,28.6139,77.209
27,0.9,6,2,car,0.5561,136,61,163,86,149,73,CAM_01,28.6139,77.209
27,0.9,7,5,bus,0.4371,141,29,163,54,152,41,CAM_01,28.6139,77.209
27,0.9,9,2,car,0.7929,9,43,32,62,20,52,CAM_01,28.6139,77.209
27,0.9,11,2,car,0.6679,84,58,110,73,97,65,CAM_01,28.6139,77.209
27,0.9,12,2,car,0.5907,163,126,221,143,192,134,CAM_01,28.6139,77.209
27,0.9,14,2,car,0.3445,44,38,56,49,50,43,CAM_01,28.6139,77.209
27,0.9,19,2,car,0.4529,147,74,180,101,163,87,CAM_01,28.6139,77.209
27,0.9,23,2,car,0.5387,0,48,9,71,4,59,CAM_01,28.6139,77.209
27,0.9,13,2,car,0.3325,24,35,45,55,34,45,CAM_01,28.6139,77.209
27,0.9,27,2,car,0.476,157,126,205,143,181,134,CAM_01,28.6139,77.209
28,0.933,1,2,car,0.8381,45,102,90,143,67,122,CAM_01,28.6139,77.209
28,0.933,2,2,car,0.8503,69,97,106,132,87,114,CAM_01,28.6139,77.209
28,0.933,3,2,car,0.7911,147,84,189,127,168,105,CAM_01,28.6139,77.209
28,0.933,5,2,car,0.8227,79,72,115,102,97,87,CAM_01,28.6139,77.209
28,0.933,6,2,car,0.614,136,61,163,86,149,73,CAM_01,28.6139,77.209
28,0.933,7,5,bus,0.4117,141,29,163,54,152,41,CAM_01,28.6139,77.209
28,0.933,9,2,car,0.7808,9,43,32,62,20,52,CAM_01,28.6139,77.209
28,0.933,11,2,car,0.676,84,58,110,73,97,65,CAM_01,28.6139,77.209
28,0.933,12,2,car,0.5849,163,126,221,143,192,134,CAM_01,28.6139,77.209
28,0.933,14,2,car,0.391,44,38,56,49,50,43,CAM_01,28.6139,77.209
28,0.933,19,2,car,0.5198,146,74,180,102,163,88,CAM_01,28.6139,77.209
28,0.933,23,2,car,0.486,1,48,9,71,5,59,CAM_01,28.6139,77.209
28,0.933,13,7,truck,0.3202,24,35,45,55,34,45,CAM_01,28.6139,77.209
28,0.933,27,2,car,0.4718,158,126,204,143,181,134,CAM_01,28.6139,77.209
29,0.967,1,2,car,0.8388,44,103,90,143,67,123,CAM_01,28.6139,77.209
29,0.967,2,2,car,0.8384,69,97,106,133,87,115,CAM_01,28.6139,77.209
29,0.967,3,2,car,0.7512,147,84,189,127,168,105,CAM_01,28.6139,77.209
29,0.967,5,2,car,0.8095,79,72,115,102,97,87,CAM_01,28.6139,77.209
29,0.967,6,2,car,0.6015,136,61,163,86,149,73,CAM_01,28.6139,77.209
29,0.967,7,5,bus,0.3823,141,29,163,54,152,41,CAM_01,28.6139,77.209
29,0.967,9,2,car,0.7558,9,43,32,62,20,52,CAM_01,28.6139,77.209
29,0.967,11,2,car,0.6656,84,58,110,73,97,65,CAM_01,28.6139,77.209
29,0.967,12,2,car,0.5656,163,127,221,143,192,135,CAM_01,28.6139,77.209
29,0.967,14,2,car,0.3614,44,38,56,49,50,43,CAM_01,28.6139,77.209
29,0.967,19,2,car,0.4925,146,74,180,102,163,88,CAM_01,28.6139,77.209
29,0.967,23,2,car,0.4959,1,47,9,70,5,58,CAM_01,28.6139,77.209
29,0.967,13,7,truck,0.3768,24,35,45,55,34,45,CAM_01,28.6139,77.209
29,0.967,27,2,car,0.6107,158,127,203,143,180,135,CAM_01,28.6139,77.209
30,1.0,1,2,car,0.7739,44,103,90,143,67,123,CAM_01,28.6139,77.209
30,1.0,2,2,car,0.796,69,97,106,134,87,115,CAM_01,28.6139,77.209
30,1.0,3,2,car,0.7701,147,84,190,128,168,106,CAM_01,28.6139,77.209
30,1.0,5,2,car,0.8248,79,72,115,103,97,87,CAM_01,28.6139,77.209
30,1.0,6,2,car,0.6149,136,61,163,86,149,73,CAM_01,28.6139,77.209
30,1.0,7,5,bus,0.3679,141,29,163,54,152,41,CAM_01,28.6139,77.209
30,1.0,9,2,car,0.7788,10,43,32,62,21,52,CAM_01,28.6139,77.209
30,1.0,11,2,car,0.6895,84,58,110,73,97,65,CAM_01,28.6139,77.209
30,1.0,14,2,car,0.3845,44,38,56,49,50,43,CAM_01,28.6139,77.209
30,1.0,19,2,car,0.5097,146,75,180,102,163,88,CAM_01,28.6139,77.209
30,1.0,23,2,car,0.6529,1,47,10,70,5,58,CAM_01,28.6139,77.209
30,1.0,13,7,truck,0.3742,24,35,45,55,34,45,CAM_01,28.6139,77.209
30,1.0,27,2,car,0.5824,160,128,203,143,181,135,CAM_01,28.6139,77.209
31,1.033,1,2,car,0.8221,43,104,89,143,66,123,CAM_01,28.6139,77.209
31,1.033,2,2,car,0.8219,68,98,105,135,86,116,CAM_01,28.6139,77.209
31,1.033,3,2,car,0.7652,147,85,190,128,168,106,CAM_01,28.6139,77.209
31,1.033,5,2,car,0.8135,78,73,115,103,96,88,CAM_01,28.6139,77.209
31,1.033,6,2,car,0.6237,136,61,163,86,149,73,CAM_01,28.6139,77.209
31,1.033,7,5,bus,0.3592,140,29,163,54,151,41,CAM_01,28.6139,77.209
31,1.033,9,2,car,0.7751,10,43,33,62,21,52,CAM_01,28.6139,77.209
31,1.033,11,2,car,0.6545,83,58,110,74,96,66,CAM_01,28.6139,77.209
31,1.033,14,2,car,0.3787,44,38,57,49,50,43,CAM_01,28.6139,77.209
31,1.033,19,2,car,0.5335,145,75,181,103,163,89,CAM_01,28.6139,77.209
31,1.033,23,2,car,0.586,1,47,10,70,5,58,CAM_01,28.6139,77.209
31,1.033,13,7,truck,0.3441,24,35,46,55,35,45,CAM_01,28.6139,77.209
31,1.033,27,2,car,0.5501,161,128,203,143,182,135,CAM_01,28.6139,77.209
32,1.067,1,2,car,0.7733,43,104,89,143,66,123,CAM_01,28.6139,77.209
32,1.067,2,2,car,0.8199,68,98,105,136,86,117,CAM_01,28.6139,77.209
32,1.067,3,2,car,0.7302,147,85,190,129,168,107,CAM_01,28.6139,77.209
32,1.067,5,2,car,0.7977,78,73,114,103,96,88,CAM_01,28.6139,77.209
32,1.067,6,2,car,0.5726,136,61,163,87,149,74,CAM_01,28.6139,77.209
32,1.067,7,5,bus,0.4017,140,29,163,54,151,41,CAM_01,28.6139,77.209
32,1.067,9,2,car,0.7862,10,43,33,61,21,52,CAM_01,28.6139,77.209
32,1.067,11,2,car,0.6016,83,58,111,75,97,66,CAM_01,28.6139,77.209
32,1.067,14,2,car,0.3872,44,38,57,49,50,43,CAM_01,28.6139,77.209
32,1.067,19,2,car,0.5516,145,75,181,104,163,89,CAM_01,28.6139,77.209
32,1.067,23,2,car,0.57,1,47,10,69,5,58,CAM_01,28.6139,77.209
32,1.067,13,7,truck,0.3241,25,35,46,55,35,45,CAM_01,28.6139,77.209
32,1.067,27,2,car,0.5631,161,129,203,143,182,136,CAM_01,28.6139,77.209
32,1.067,10,7,truck,0.3488,163,34,177,50,170,42,CAM_01,28.6139,77.209
33,1.1,1,2,car,0.7823,43,105,89,144,66,124,CAM_01,28.6139,77.209
33,1.1,2,2,car,0.7797,68,99,105,136,86,117,CAM_01,28.6139,77.209
33,1.1,3,2,car,0.7183,147,86,191,129,169,107,CAM_01,28.6139,77.209
33,1.1,5,2,car,0.7913,77,73,114,103,95,88,CAM_01,28.6139,77.209
33,1.1,6,2,car,0.5282,136,62,164,87,150,74,CAM_01,28.6139,77.209
33,1.1,7,5,bus,0.3653,140,29,163,55,151,42,CAM_01,28.6139,77.209
33,1.1,9,2,car,0.8007,11,43,33,61,22,52,CAM_01,28.6139,77.209
33,1.1,11,2,car,0.5817,83,58,111,75,97,66,CAM_01,28.6139,77.209
33,1.1,14,2,car,0.3838,45,38,57,49,51,43,CAM_01,28.6139,77.209
33,1.1,19,2,car,0.501,145,75,181,104,163,89,CAM_01,28.6139,77.209
33,1.1,23,2,car,0.5339,1,47,10,69,5,58,CAM_01,28.6139,77.209
33,1.1,13,7,truck,0.362,25,35,46,55,35,45,CAM_01,28.6139,77.209
33,1.1,27,2,car,0.5862,162,129,202,142,182,135,CAM_01,28.6139,77.209
33,1.1,10,7,truck,0.3301,163,34,177,50,170,42,CAM_01,28.6139,77.209
34,1.133,1,2,car,0.7642,43,105,89,143,66,124,CAM_01,28.6139,77.209
34,1.133,2,2,car,0.809,68,100,105,137,86,118,CAM_01,28.6139,77.209
34,1.133,3,2,car,0.6982,147,86,191,130,169,108,CAM_01,28.6139,77.209
34,1.133,5,2,car,0.8141,77,73,114,104,95,88,CAM_01,28.6139,77.209
34,1.133,6,2,car,0.5791,136,62,164,87,150,74,CAM_01,28.6139,77.209
34,1.133,7,5,bus,0.3585,141,29,164,55,152,42,CAM_01,28.6139,77.209
34,1.133,9,2,car,0.8126,11,42,34,61,22,51,CAM_01,28.6139,77.209
34,1.133,11,2,car,0.557,83,58,111,75,97,66,CAM_01,28.6139,77.209
34,1.133,14,2,car,0.3571,47,38,60,49,53,43,CAM_01,28.6139,77.209
34,1.133,19,2,car,0.4592,145,75,181,104,163,89,CAM_01,28.6139,77.209
34,1.133,23,2,car,0.5811,1,47,11,69,6,58,CAM_01,28.6139,77.209
34,1.133,13,2,car,0.3368,25,35,46,55,35,45,CAM_01,28.6139,77.209
34,1.133,27,2,car,0.6409,165,130,203,142,184,136,CAM_01,28.6139,77.209
34,1.133,25,2,car,0.3018,95,53,115,68,105,60,CAM_01,28.6139,77.209
35,1.167,1,2,car,0.7395,43,106,88,143,65,124,CAM_01,28.6139,77.209
35,1.167,2,2,car,0.8285,68,100,105,137,86,118,CAM_01,28.6139,77.209
35,1.167,3,2,car,0.75,148,86,191,130,169,108,CAM_01,28.6139,77.209
35,1.167,5,2,car,0.7806,77,73,114,104,95,88,CAM_01,28.6139,77.209
35,1.167,6,2,car,0.5502,136,62,164,87,150,74,CAM_01,28.6139,77.209
35,1.167,7,5,bus,0.357,141,29,164,55,152,42,CAM_01,28.6139,77.209
35,1.167,9,2,car,0.7675,11,42,34,61,22,51,CAM_01,28.6139,77.209
35,1.167,11,2,car,0.5428,83,59,111,75,97,67,CAM_01,28.6139,77.209
35,1.167,14,2,car,0.3561,47,38,61,49,54,43,CAM_01,28.6139,77.209
35,1.167,19,2,car,0.5592,146,75,181,104,163,89,CAM_01,28.6139,77.209
35,1.167,23,2,car,0.4846,1,46,11,69,6,57,CAM_01,28.6139,77.209
35,1.167,13,2,car,0.3016,25,35,46,55,35,45,CAM_01,28.6139,77.209
35,1.167,27,2,car,0.6833,166,130,204,142,185,136,CAM_01,28.6139,77.209
35,1.167,25,2,car,0.3278,95,53,116,68,105,60,CAM_01,28.6139,77.209
36,1.2,1,2,car,0.759,39,106,86,143,62,124,CAM_01,28.6139,77.209
36,1.2,2,2,car,0.8509,67,100,104,138,85,119,CAM_01,28.6139,77.209
36,1.2,3,2,car,0.7729,148,87,191,131,169,109,CAM_01,28.6139,77.209
36,1.2,5,2,car,0.7645,77,73,114,104,95,88,CAM_01,28.6139,77.209
36,1.2,6,2,car,0.6023,136,62,164,87,150,74,CAM_01,28.6139,77.209
36,1.2,7,5,bus,0.3252,141,29,164,55,152,42,CAM_01,28.6139,77.209
36,1.2,9,2,car,0.7654,12,42,34,61,23,51,CAM_01,28.6139,77.209
36,1.2,11,2,car,0.4713,83,59,111,76,97,67,CAM_01,28.6139,77.209
36,1.2,14,2,car,0.3287,47,38,62,49,54,43,CAM_01,28.6139,77.209
36,1.2,19,2,car,0.5972,145,76,180,104,162,90,CAM_01,28.6139,77.209
36,1.2,23,2,car,0.564,1,46,12,69,6,57,CAM_01,28.6139,77.209
36,1.2,27,2,car,0.5778,167,131,205,143,186,137,CAM_01,28.6139,77.209
36,1.2,25,2,car,0.3091,95,53,116,68,105,60,CAM_01,28.6139,77.209
37,1.233,1,2,car,0.7387,37,107,85,144,61,125,CAM_01,28.6139,77.209
37,1.233,2,2,car,0.8256,66,101,104,139,85,120,CAM_01,28.6139,77.209
37,1.233,3,2,car,0.8047,147,87,192,132,169,109,CAM_01,28.6139,77.209
37,1.233,5,2,car,0.7857,77,74,114,105,95,89,CAM_01,28.6139,77.209
37,1.233,6,2,car,0.6364,136,62,164,87,150,74,CAM_01,28.6139,77.209
37,1.233,7,5,bus,0.3383,141,29,165,55,153,42,CAM_01,28.6139,77.209
37,1.233,9,2,car,0.7823,12,42,35,61,23,51,CAM_01,28.6139,77.209
37,1.233,11,2,car,0.4944,83,59,111,76,97,67,CAM_01,28.6139,77.209
37,1.233,19,2,car,0.541,146,76,181,105,163,90,CAM_01,28.6139,77.209
37,1.233,23,2,car,0.6027,1,46,12,69,6,57,CAM_01,28.6139,77.209
37,1.233,27,2,car,0.5935,168,132,206,143,187,137,CAM_01,28.6139,77.209
37,1.233,25,2,car,0.3862,95,53,115,69,105,61,CAM_01,28.6139,77.209
37,1.233,33,7,truck,0.3187,141,29,165,56,153,42,CAM_01,28.6139,77.209
37,1.233,34,2,car,0.325,46,38,58,50,52,44,CAM_01,28.6139,77.209
38,1.267,1,2,car,0.7349,37,107,85,144,61,125,CAM_01,28.6139,77.209
38,1.267,2,2,car,0.8198,66,101,104,140,85,120,CAM_01,28.6139,77.209
38,1.267,3,2,car,0.8114,148,89,191,132,169,110,CAM_01,28.6139,77.209
38,1.267,5,2,car,0.7678,77,74,114,105,95,89,CAM_01,28.6139,77.209
38,1.267,6,2,car,0.6165,136,62,164,87,150,74,CAM_01,28.6139,77.209
38,1.267,9,2,car,0.7958,12,42,35,61,23,51,CAM_01,28.6139,77.209
38,1.267,11,2,car,0.5206,83,59,111,76,97,67,CAM_01,28.6139,77.209
38,1.267,19,2,car,0.5803,146,76,182,105,164,90,CAM_01,28.6139,77.209
38,1.267,23,2,car,0.6371,1,46,12,69,6,57,CAM_01,28.6139,77.209
38,1.267,27,2,car,0.6102,168,132,206,143,187,137,CAM_01,28.6139,77.209
38,1.267,25,2,car,0.3822,95,53,115,69,105,61,CAM_01,28.6139,77.209
38,1.267,34,2,car,0.3325,46,38,58,50,52,44,CAM_01,28.6139,77.209
38,1.267,14,2,car,0.3159,47,38,62,49,54,43,CAM_01,28.6139,77.209
39,1.3,1,2,car,0.738,37,108,85,144,61,126,CAM_01,28.6139,77.209
39,1.3,2,2,car,0.8026,66,102,104,141,85,121,CAM_01,28.6139,77.209
39,1.3,3,2,car,0.8046,148,90,191,133,169,111,CAM_01,28.6139,77.209
39,1.3,5,2,car,0.813,76,74,114,105,95,89,CAM_01,28.6139,77.209
39,1.3,6,2,car,0.61,136,62,164,88,150,75,CAM_01,28.6139,77.209
39,1.3,9,2,car,0.7005,12,42,35,61,23,51,CAM_01,28.6139,77.209
39,1.3,11,2,car,0.5289,83,59,110,76,96,67,CAM_01,28.6139,77.209
39,1.3,19,2,car,0.6051,146,77,182,105,164,91,CAM_01,28.6139,77.209
39,1.3,23,2,car,0.5478,1,46,13,68,7,57,CAM_01,28.6139,77.209
39,1.3,27,2,car,0.6543,169,133,205,143,187,138,CAM_01,28.6139,77.209
39,1.3,25,2,car,0.3183,95,53,115,69,105,61,CAM_01,28.6139,77.209
39,1.3,34,2,car,0.3228,46,38,58,49,52,43,CAM_01,28.6139,77.209
39,1.3,7,7,truck,0.3457,141,29,165,55,153,42,CAM_01,28.6139,77.209
40,1.333,1,2,car,0.7609,37,109,85,144,61,126,CAM_01,28.6139,77.209
40,1.333,2,2,car,0.8059,65,102,104,142,84,122,CAM_01,28.6139,77.209
40,1.333,3,2,car,0.7861,148,91,191,134,169,112,CAM_01,28.6139,77.209
40,1.333,5,2,car,0.7958,76,75,113,106,94,90,CAM_01,28.6139,77.209
40,1.333,6,2,car,0.6093,136,63,164,88,150,75,CAM_01,28.6139,77.209
40,1.333,9,2,car,0.73,13,42,35,61,24,51,CAM_01,28.6139,77.209
40,1.333,11,2,car,0.5219,83,59,110,76,96,67,CAM_01,28.6139,77.209
40,1.333,19,2,car,0.6276,146,77,181,106,163,91,CAM_01,28.6139,77.209
40,1.333,23,2,car,0.5876,1,46,13,68,7,57,CAM_01,28.6139,77.209
40,1.333,27,2,car,0.5566,170,134,205,143,187,138,CAM_01,28.6139,77.209
40,1.333,25,2,car,0.3664,95,54,115,69,105,61,CAM_01,28.6139,77.209
40,1.333,34,2,car,0.3345,46,38,58,50,52,44,CAM_01,28.6139,77.209
40,1.333,7,7,truck,0.3834,141,30,165,56,153,43,CAM_01,28.6139,77.209
41,1.367,1,2,car,0.7182,37,109,85,144,61,126,CAM_01,28.6139,77.209
41,1.367,2,2,car,0.8319,65,103,104,142,84,122,CAM_01,28.6139,77.209
41,1.367,3,2,car,0.7781,148,90,191,134,169,112,CAM_01,28.6139,77.209
41,1.367,5,2,car,0.785,76,75,113,106,94,90,CAM_01,28.6139,77.209
41,1.367,6,2,car,0.5767,136,63,164,88,150,75,CAM_01,28.6139,77.209
41,1.367,9,2,car,0.7211,13,42,35,61,24,51,CAM_01,28.6139,77.209
41,1.367,11,2,car,0.512,83,59,110,76,96,67,CAM_01,28.6139,77.209
41,1.367,19,2,car,0.5595,146,78,181,106,163,92,CAM_01,28.6139,77.209
41,1.367,23,2,car,0.5333,1,45,13,68,7,56,CAM_01,28.6139,77.209
41,1.367,27,2,car,0.5653,171,134,205,143,188,138,CAM_01,28.6139,77.209
41,1.367,25,2,car,0.3594,94,54,115,69,104,61,CAM_01,28.6139,77.209
41,1.367,34,2,car,0.3498,47,38,59,49,53,43,CAM_01,28.6139,77.209
41,1.367,7,7,truck,0.3951,141,30,165,56,153,43,CAM_01,28.6139,77.209
42,1.4,1,2,car,0.7326,36,110,85,144,60,127,CAM_01,28.6139,77.209
42,1.4,2,2,car,0.833,65,103,103,142,84,122,CAM_01,28.6139,77.209
42,1.4,3,2,car,0.7472,148,91,191,135,169,113,CAM_01,28.6139,77.209
42,1.4,5,2,car,0.8381,75,75,113,106,94,90,CAM_01,28.6139,77.209
42,1.4,6,2,car,0.5356,136,63,164,88,150,75,CAM_01,28.6139,77.209
42,1.4,9,2,car,0.7386,14,42,35,60,24,51,CAM_01,28.6139,77.209
42,1.4,11,2,car,0.5036,82,59,111,77,96,68,CAM_01,28.6139,77.209
42,1.4,19,2,car,0.6027,146,78,182,107,164,92,CAM_01,28.6139,77.209
42,1.4,23,2,car,0.469,1,45,14,67,7,56,CAM_01,28.6139,77.209
42,1.4,27,2,car,0.5127,172,135,204,143,188,139,CAM_01,28.6139,77.209
42,1.4,25,2,car,0.3359,93,54,116,70,104,62,CAM_01,28.6139,77.209
42,1.4,34,2,car,0.3477,48,38,60,49,54,43,CAM_01,28.6139,77.209
42,1.4,7,7,truck,0.3495,141,29,165,55,153,42,CAM_01,28.6139,77.209
43,1.433,1,2,car,0.804,36,111,84,143,60,127,CAM_01,28.6139,77.209
43,1.433,2,2,car,0.8361,65,104,103,143,84,123,CAM_01,28.6139,77.209
43,1.433,3,2,car,0.7952,148,91,192,135,170,113,CAM_01,28.6139,77.209
43,1.433,5,2,car,0.8518,75,75,113,107,94,91,CAM_01,28.6139,77.209
43,1.433,6,2,car,0.5046,136,63,165,88,150,75,CAM_01,28.6139,77.209
43,1.433,9,2,car,0.6689,14,42,35,60,24,51,CAM_01,28.6139,77.209
43,1.433,11,2,car,0.5152,82,60,111,78,96,69,CAM_01,28.6139,77.209
43,1.433,19,2,car,0.5379,145,78,182,107,163,92,CAM_01,28.6139,77.209
43,1.433,23,2,car,0.4754,1,45,14,67,7,56,CAM_01,28.6139,77.209
43,1.433,27,2,car,0.4351,173,136,203,143,188,139,CAM_01,28.6139,77.209
43,1.433,25,2,car,0.3181,93,54,116,70,104,62,CAM_01,28.6139,77.209
43,1.433,34,2,car,0.3737,48,38,60,49,54,43,CAM_01,28.6139,77.209
43,1.433,7,7,truck,0.3218,141,29,165,55,153,42,CAM_01,28.6139,77.209
44,1.467,1,2,car,0.8138,36,111,84,143,60,127,CAM_01,28.6139,77.209
44,1.467,2,2,car,0.8372,65,104,103,143,84,123,CAM_01,28.6139,77.209
44,1.467,3,2,car,0.7892,147,90,193,136,170,113,CAM_01,28.6139,77.209
44,1.467,5,2,car,0.8502,75,75,113,107,94,91,CAM_01,28.6139,77.209
44,1.467,6,2,car,0.6161,136,64,165,89,150,76,CAM_01,28.6139,77.209
44,1.467,9,2,car,0.6898,14,42,36,60,25,51,CAM_01,28.6139,77.209
44,1.467,11,2,car,0.5667,82,60,111,78,96,69,CAM_01,28.6139,77.209
44,1.467,19,2,car,0.5806,145,78,181,107,163,92,CAM_01,28.6139,77.209
44,1.467,23,2,car,0.5406,1,45,14,67,7,56,CAM_01,28.6139,77.209
44,1.467,27,2,car,0.4788,174,136,203,143,188,139,CAM_01,28.6139,77.209
44,1.467,25,2,car,0.3317,93,54,116,70,104,62,CAM_01,28.6139,77.209
44,1.467,34,2,car,0.3794,48,38,60,49,54,43,CAM_01,28.6139,77.209
44,1.467,7,5,bus,0.3687,141,29,165,56,153,42,CAM_01,28.6139,77.209
45,1.5,1,2,car,0.8009,35,112,84,143,59,127,CAM_01,28.6139,77.209
45,1.5,2,2,car,0.7315,65,105,102,143,83,124,CAM_01,28.6139,77.209
45,1.5,3,2,car,0.7519,147,90,193,137,170,113,CAM_01,28.6139,77.209
45,1.5,5,2,car,0.8497,75,76,113,107,94,91,CAM_01,28.6139,77.209
45,1.5,6,2,car,0.6169,136,64,165,89,150,76,CAM_01,28.6139,77.209
45,1.5,9,2,car,0.7158,14,42,36,60,25,51,CAM_01,28.6139,77.209
45,1.5,11,2,car,0.5579,81,60,111,79,96,69,CAM_01,28.6139,77.209
45,1.5,19,2,car,0.5862,145,78,182,108,163,93,CAM_01,28.6139,77.209
45,1.5,23,2,car,0.4349,1,45,14,67,7,56,CAM_01,28.6139,77.209
45,1.5,27,2,car,0.3532,174,137,203,143,188,140,CAM_01,28.6139,77.209
45,1.5,25,2,car,0.3387,93,54,115,70,104,62,CAM_01,28.6139,77.209
45,1.5,34,2,car,0.388,48,38,61,49,54,43,CAM_01,28.6139,77.209
45,1.5,7,7,truck,0.4121,141,29,165,56,153,42,CAM_01,28.6139,77.209
46,1.533,1,2,car,0.8036,35,112,85,143,60,127,CAM_01,28.6139,77.209
46,1.533,2,2,car,0.7874,65,106,102,143,83,124,CAM_01,28.6139,77.209
46,1.533,3,2,car,0.6554,147,91,193,138,170,114,CAM_01,28.6139,77.209
46,1.533,5,2,car,0.8439,75,76,113,107,94,91,CAM_01,28.6139,77.209
46,1.533,6,2,car,0.6197,136,64,165,89,150,76,CAM_01,28.6139,77.209
46,1.533,9,2,car,0.7047,15,42,36,59,25,50,CAM_01,28.6139,77.209
46,1.533,11,2,car,0.573,81,60,112,80,96,70,CAM_01,28.6139,77.209
46,1.533,19,2,car,0.6259,146,78,182,108,164,93,CAM_01,28.6139,77.209
46,1.533,23,2,car,0.43,1,45,15,67,8,56,CAM_01,28.6139,77.209
46,1.533,25,2,car,0.3425,92,54,115,70,103,62,CAM_01,28.6139,77.209
46,1.533,34,2,car,0.3336,48,38,60,49,54,43,CAM_01,28.6139,77.209
46,1.533,7,7,truck,0.4238,141,29,166,56,153,42,CAM_01,28.6139,77.209
47,1.567,1,2,car,0.7966,35,113,85,143,60,128,CAM_01,28.6139,77.209
47,1.567,2,2,car,0.7282,65,106,102,143,83,124,CAM_01,28.6139,77.209
47,1.567,3,2,car,0.7346,147,91,193,138,170,114,CAM_01,28.6139,77.209
47,1.567,5,2,car,0.839,75,76,113,108,94,92,CAM_01,28.6139,77.209
47,1.567,6,2,car,0.5286,136,64,165,90,150,77,CAM_01,28.6139,77.209
47,1.567,9,2,car,0.6381,15,42,36,59,25,50,CAM_01,28.6139,77.209
47,1.567,11,2,car,0.5551,80,60,112,81,96,70,CAM_01,28.6139,77.209
47,1.567,19,2,car,0.5884,146,79,182,108,164,93,CAM_01,28.6139,77.209
47,1.567,23,2,car,0.3674,1,45,15,67,8,56,CAM_01,28.6139,77.209
47,1.567,25,2,car,0.3226,93,54,115,70,104,62,CAM_01,28.6139,77.209
47,1.567,34,2,car,0.326,48,38,60,49,54,43,CAM_01,28.6139,77.209
47,1.567,7,7,truck,0.4177,141,29,166,56,153,42,CAM_01,28.6139,77.209
48,1.6,1,2,car,0.8016,35,114,85,144,60,129,CAM_01,28.6139,77.209
48,1.6,2,2,car,0.7229,65,107,101,142,83,124,CAM_01,28.6139,77.209
48,1.6,3,2,car,0.6479,147,91,193,139,170,115,CAM_01,28.6139,77.209
48,1.6,5,2,car,0.8586,75,77,113,108,94,92,CAM_01,28.6139,77.209
48,1.6,6,2,car,0.5844,136,64,166,90,151,77,CAM_01,28.6139,77.209
48,1.6,9,2,car,0.5182,15,41,36,59,25,50,CAM_01,28.6139,77.209
48,1.6,11,2,car,0.6197,80,60,112,82,96,71,CAM_01,28.6139,77.209
48,1.6,19,2,car,0.5833,146,79,182,109,164,94,CAM_01,28.6139,77.209
48,1.6,23,2,car,0.3985,1,44,15,66,8,55,CAM_01,28.6139,77.209
48,1.6,25,2,car,0.3564,94,54,115,69,104,61,CAM_01,28.6139,77.209
48,1.6,34,2,car,0.3151,48,38,60,50,54,44,CAM_01,28.6139,77.209
48,1.6,7,7,truck,0.3527,141,29,166,56,153,42,CAM_01,28.6139,77.209
49,1.633,1,2,car,0.7759,36,114,85,143,60,128,CAM_01,28.6139,77.209
49,1.633,2,2,car,0.7387,65,107,101,142,83,124,CAM_01,28.6139,77.209
49,1.633,3,2,car,0.6551,147,91,193,139,170,115,CAM_01,28.6139,77.209
49,1.633,5,2,car,0.8677,74,77,113,109,93,93,CAM_01,28.6139,77.209
49,1.633,6,2,car,0.5963,136,64,166,90,151,77,CAM_01,28.6139,77.209
49,1.633,9,2,car,0.5303,15,41,37,59,26,50,CAM_01,28.6139,77.209
49,1.633,11,2,car,0.68,81,60,112,81,96,70,CAM_01,28.6139,77.209
49,1.633,19,2,car,0.5857,146,79,182,109,164,94,CAM_01,28.6139,77.209
49,1.633,23,2,car,0.4093,1,44,16,66,8,55,CAM_01,28.6139,77.209
49,1.633,25,2,car,0.3971,94,54,115,69,104,61,CAM_01,28.6139,77.209
49,1.633,34,2,car,0.3247,48,38,60,50,54,44,CAM_01,28.6139,77.209
49,1.633,7,7,truck,0.3834,141,30,167,56,154,43,CAM_01,28.6139,77.209
50,1.667,1,2,car,0.7637,35,114,85,144,60,129,CAM_01,28.6139,77.209
50,1.667,2,2,car,0.7689,65,107,101,142,83,124,CAM_01,28.6139,77.209
50,1.667,3,2,car,0.7365,147,91,194,140,170,115,CAM_01,28.6139,77.209
50,1.667,5,2,car,0.8644,74,77,113,109,93,93,CAM_01,28.6139,77.209
50,1.667,6,2,car,0.5397,136,64,166,90,151,77,CAM_01,28.6139,77.209
50,1.667,9,2,car,0.6606,15,41,37,59,26,50,CAM_01,28.6139,77.209
50,1.667,11,2,car,0.688,81,60,111,81,96,70,CAM_01,28.6139,77.209
50,1.667,19,2,car,0.6409,145,79,182,110,163,94,CAM_01,28.6139,77.209
50,1.667,23,2,car,0.6114,1,44,16,66,8,55,CAM_01,28.6139,77.209
50,1.667,25,2,car,0.4115,94,54,114,69,104,61,CAM_01,28.6139,77.209
50,1.667,34,2,car,0.3209,48,38,60,50,54,44,CAM_01,28.6139,77.209
50,1.667,7,7,truck,0.3911,141,30,167,56,154,43,CAM_01,28.6139,77.209
51,1.7,1,2,car,0.7364,36,115,85,144,60,129,CAM_01,28.6139,77.209
51,1.7,2,2,car,0.7918,65,108,101,143,83,125,CAM_01,28.6139,77.209
51,1.7,3,2,car,0.7343,147,91,194,140,170,115,CAM_01,28.6139,77.209
51,1.7,5,2,car,0.8494,74,77,113,109,93,93,CAM_01,28.6139,77.209
51,1.7,6,2,car,0.5475,136,64,166,90,151,77,CAM_01,28.6139,77.209
51,1.7,9,2,car,0.7126,16,41,37,59,26,50,CAM_01,28.6139,77.209
51,1.7,11,2,car,0.6703,81,61,111,81,96,71,CAM_01,28.6139,77.209
51,1.7,19,2,car,0.6322,146,79,182,110,164,94,CAM_01,28.6139,77.209
51,1.7,23,2,car,0.4589,1,44,16,66,8,55,CAM_01,28.6139,77.209
51,1.7,25,2,car,0.3917,94,54,114,69,104,61,CAM_01,28.6139,77.209
51,1.7,34,2,car,0.316,48,38,60,50,54,44,CAM_01,28.6139,77.209
51,1.7,7,5,bus,0.3773,141,30,166,56,153,43,CAM_01,28.6139,77.209
51,1.7,38,7,truck,0.3706,141,30,167,56,154,43,CAM_01,28.6139,77.209
52,1.733,1,2,car,0.7373,36,116,85,144,60,130,CAM_01,28.6139,77.209
52,1.733,2,2,car,0.7801,65,109,100,143,82,126,CAM_01,28.6139,77.209
52,1.733,3,2,car,0.6835,147,92,193,141,170,116,CAM_01,28.6139,77.209
52,1.733,5,2,car,0.8464,74,78,113,110,93,94,CAM_01,28.6139,77.209
52,1.733,6,2,car,0.5569,136,65,166,91,151,78,CAM_01,28.6139,77.209
52,1.733,9,2,car,0.7265,17,41,37,58,27,49,CAM_01,28.6139,77.209
52,1.733,11,2,car,0.7041,82,61,110,81,96,71,CAM_01,28.6139,77.209
52,1.733,19,2,car,0.59,145,80,182,111,163,95,CAM_01,28.6139,77.209
52,1.733,23,2,car,0.5457,1,44,16,66,8,55,CAM_01,28.6139,77.209
52,1.733,25,2,car,0.4089,93,55,114,70,103,62,CAM_01,28.6139,77.209
52,1.733,34,2,car,0.3307,48,38,60,49,54,43,CAM_01,28.6139,77.209
52,1.733,7,5,bus,0.3205,141,30,167,56,154,43,CAM_01,28.6139,77.209
52,1.733,38,7,truck,0.3415,140,30,168,58,154,44,CAM_01,28.6139,77.209
52,1.733,13,7,truck,0.3232,30,33,49,51,39,42,CAM_01,28.6139,77.209
53,1.767,1,2,car,0.7613,36,116,85,144,60,130,CAM_01,28.6139,77.209
53,1.767,2,2,car,0.8132,65,109,100,143,82,126,CAM_01,28.6139,77.209
53,1.767,3,2,car,0.6901,148,93,193,141,170,117,CAM_01,28.6139,77.209
53,1.767,5,2,car,0.8471,74,78,113,110,93,94,CAM_01,28.6139,77.209
53,1.767,6,2,car,0.5499,136,65,167,91,151,78,CAM_01,28.6139,77.209
53,1.767,9,2,car,0.7256,17,41,37,58,27,49,CAM_01,28.6139,77.209
53,1.767,11,2,car,0.7106,81,61,110,81,95,71,CAM_01,28.6139,77.209
53,1.767,19,2,car,0.5954,145,80,182,111,163,95,CAM_01,28.6139,77.209
53,1.767,23,2,car,0.5514,1,44,16,65,8,54,CAM_01,28.6139,77.209
53,1.767,25,2,car,0.4078,93,54,114,70,103,62,CAM_01,28.6139,77.209
53,1.767,34,2,car,0.3312,48,38,60,49,54,43,CAM_01,28.6139,77.209
53,1.767,7,5,bus,0.3257,141,30,166,56,153,43,CAM_01,28.6139,77.209
53,1.767,38,7,truck,0.3466,140,30,168,58,154,44,CAM_01,28.6139,77.209
53,1.767,13,7,truck,0.3159,30,34,49,51,39,42,CAM_01,28.6139,77.209
54,1.8,1,2,car,0.7286,36,117,85,143,60,130,CAM_01,28.6139,77.209
54,1.8,2,2,car,0.7967,65,110,100,143,82,126,CAM_01,28.6139,77.209
54,1.8,3,2,car,0.6445,148,93,194,141,171,117,CAM_01,28.6139,77.209
54,1.8,5,2,car,0.8456,74,78,113,110,93,94,CAM_01,28.6139,77.209
54,1.8,6,2,car,0.5705,136,65,167,91,151,78,CAM_01,28.6139,77.209
54,1.8,9,2,car,0.7495,17,41,38,58,27,49,CAM_01,28.6139,77.209
54,1.8,11,2,car,0.7321,81,61,110,81,95,71,CAM_01,28.6139,77.209
54,1.8,19,2,car,0.6358,145,80,182,112,163,96,CAM_01,28.6139,77.209
54,1.8,23,2,car,0.6027,1,44,17,65,9,54,CAM_01,28.6139,77.209
54,1.8,25,2,car,0.3399,92,54,115,70,103,62,CAM_01,28.6139,77.209
54,1.8,7,7,truck,0.3869,141,30,167,56,154,43,CAM_01,28.6139,77.209
55,1.833,1,2,car,0.7242,36,118,84,143,60,130,CAM_01,28.6139,77.209
55,1.833,2,2,car,0.8053,65,110,100,143,82,126,CAM_01,28.6139,77.209
55,1.833,3,2,car,0.694,149,93,194,142,171,117,CAM_01,28.6139,77.209
55,1.833,5,2,car,0.847,73,79,113,111,93,95,CAM_01,28.6139,77.209
55,1.833,6,2,car,0.6704,136,65,167,92,151,78,CAM_01,28.6139,77.209
55,1.833,9,2,car,0.7177,17,41,38,58,27,49,CAM_01,28.6139,77.209
55,1.833,11,2,car,0.7311,81,61,110,82,95,71,CAM_01,28.6139,77.209
55,1.833,19,2,car,0.6744,145,80,182,112,163,96,CAM_01,28.6139,77.209
55,1.833,23,2,car,0.5473,1,44,17,65,9,54,CAM_01,28.6139,77.209
55,1.833,25,2,car,0.3394,91,54,115,70,103,62,CAM_01,28.6139,77.209
55,1.833,7,7,truck,0.4222,142,30,167,56,154,43,CAM_01,28.6139,77.209
56,1.867,1,2,car,0.7101,37,118,84,143,60,130,CAM_01,28.6139,77.209
56,1.867,2,2,car,0.8011,65,110,100,143,82,126,CAM_01,28.6139,77.209
56,1.867,3,2,car,0.735,149,95,194,142,171,118,CAM_01,28.6139,77.209
56,1.867,5,2,car,0.8403,73,79,113,111,93,95,CAM_01,28.6139,77.209
56,1.867,6,2,car,0.6806,136,65,167,92,151,78,CAM_01,28.6139,77.209
56,1.867,9,2,car,0.7262,17,41,38,58,27,49,CAM_01,28.6139,77.209
56,1.867,11,2,car,0.7411,81,61,110,82,95,71,CAM_01,28.6139,77.209
56,1.867,19,2,car,0.7131,146,81,182,113,164,97,CAM_01,28.6139,77.209
56,1.867,23,2,car,0.6077,1,44,17,65,9,54,CAM_01,28.6139,77.209
56,1.867,25,2,car,0.39,91,54,115,71,103,62,CAM_01,28.6139,77.209
56,1.867,7,7,truck,0.433,142,30,167,56,154,43,CAM_01,28.6139,77.209
57,1.9,1,2,car,0.6903,37,119,84,143,60,131,CAM_01,28.6139,77.209
57,1.9,2,2,car,0.7737,65,111,100,142,82,126,CAM_01,28.6139,77.209
57,1.9,3,2,car,0.7899,149,95,194,142,171,118,CAM_01,28.6139,77.209
57,1.9,5,2,car,0.8282,73,79,113,112,93,95,CAM_01,28.6139,77.209
57,1.9,6,2,car,0.649,136,65,167,92,151,78,CAM_01,28.6139,77.209
57,1.9,9,2,car,0.7219,18,41,38,58,28,49,CAM_01,28.6139,77.209
57,1.9,11,2,car,0.7444,81,61,110,81,95,71,CAM_01,28.6139,77.209
57,1.9,19,2,car,0.6965,146,81,182,113,164,97,CAM_01,28.6139,77.209
57,1.9,23,2,car,0.5318,1,44,18,65,9,54,CAM_01,28.6139,77.209
57,1.9,25,2,car,0.3971,91,54,115,71,103,62,CAM_01,28.6139,77.209
57,1.9,7,7,truck,0.4327,141,30,167,57,154,43,CAM_01,28.6139,77.209
57,1.9,34,2,car,0.3043,48,39,60,50,54,44,CAM_01,28.6139,77.209
58,1.933,1,2,car,0.7372,38,120,83,143,60,131,CAM_01,28.6139,77.209
58,1.933,2,2,car,0.8086,65,111,100,143,82,127,CAM_01,28.6139,77.209
58,1.933,3,2,car,0.6743,149,94,195,143,172,118,CAM_01,28.6139,77.209
58,1.933,5,2,car,0.821,73,79,113,112,93,95,CAM_01,28.6139,77.209
58,1.933,6,2,car,0.6836,136,66,167,92,151,79,CAM_01,28.6139,77.209
58,1.933,9,2,car,0.7022,18,41,39,58,28,49,CAM_01,28.6139,77.209
58,1.933,11,2,car,0.7131,81,61,110,82,95,71,CAM_01,28.6139,77.209
58,1.933,19,2,car,0.6416,146,81,183,114,164,97,CAM_01,28.6139,77.209
58,1.933,23,2,car,0.511,1,44,18,66,9,55,CAM_01,28.6139,77.209
58,1.933,25,2,car,0.3607,91,54,115,71,103,62,CAM_01,28.6139,77.209
58,1.933,7,7,truck,0.3861,142,30,168,56,155,43,CAM_01,28.6139,77.209
58,1.933,40,2,car,0.4039,0,55,5,70,2,62,CAM_01,28.6139,77.209
59,1.967,1,2,car,0.736,38,120,83,143,60,131,CAM_01,28.6139,77.209
59,1.967,2,2,car,0.7895,65,112,100,143,82,127,CAM_01,28.6139,77.209
59,1.967,3,2,car,0.7602,150,96,194,143,172,119,CAM_01,28.6139,77.209
59,1.967,5,2,car,0.8427,72,79,113,113,92,96,CAM_01,28.6139,77.209
59,1.967,6,2,car,0.6242,136,66,167,93,151,79,CAM_01,28.6139,77.209
59,1.967,9,2,car,0.708,18,41,39,58,28,49,CAM_01,28.6139,77.209
59,1.967,11,2,car,0.7036,81,61,111,83,96,72,CAM_01,28.6139,77.209
59,1.967,19,2,car,0.6249,146,81,183,114,164,97,CAM_01,28.6139,77.209
59,1.967,23,2,car,0.5057,1,43,19,66,10,54,CAM_01,28.6139,77.209
59,1.967,25,2,car,0.3541,91,55,115,72,103,63,CAM_01,28.6139,77.209
59,1.967,7,7,truck,0.3613,142,30,167,56,154,43,CAM_01,28.6139,77.209
59,1.967,41,2,car,0.337,93,55,113,66,103,60,CAM_01,28.6139,77.209
59,1.967,38,5,bus,0.3365,142,30,168,56,155,43,CAM_01,28.6139,77.209
60,2.0,1,2,car,0.6863,37,121,83,143,60,132,CAM_01,28.6139,77.209
60,2.0,2,2,car,0.8306,65,112,100,143,82,127,CAM_01,28.6139,77.209
60,2.0,3,2,car,0.7338,150,96,195,143,172,119,CAM_01,28.6139,77.209
60,2.0,5,2,car,0.8539,72,80,113,113,92,96,CAM_01,28.6139,77.209
60,2.0,6,2,car,0.6443,136,66,167,93,151,79,CAM_01,28.6139,77.209
60,2.0,9,2,car,0.7283,19,41,39,57,29,49,CAM_01,28.6139,77.209
60,2.0,11,2,car,0.7233,80,61,111,84,95,72,CAM_01,28.6139,77.209
60,2.0,19,2,car,0.5662,146,82,183,115,164,98,CAM_01,28.6139,77.209
60,2.0,23,2,car,0.5662,1,43,19,65,10,54,CAM_01,28.6139,77.209
60,2.0,25,2,car,0.3661,92,55,115,71,103,63,CAM_01,28.6139,77.209
60,2.0,7,7,truck,0.325,143,30,167,55,155,42,CAM_01,28.6139,77.209
60,2.0,41,2,car,0.3742,93,55,113,65,103,60,CAM_01,28.6139,77.209
60,2.0,38,5,bus,0.3837,143,30,168,55,155,42,CAM_01,28.6139,77.209
60,2.0,40,2,car,0.3589,0,55,5,70,2,62,CAM_01,28.6139,77.209
61,2.033,1,2,car,0.7232,37,122,82,143,59,132,CAM_01,28.6139,77.209
61,2.033,2,2,car,0.8271,65,113,99,143,82,128,CAM_01,28.6139,77.209
61,2.033,3,2,car,0.836,151,97,195,143,173,120,CAM_01,28.6139,77.209
61,2.033,5,2,car,0.8474,72,80,113,113,92,96,CAM_01,28.6139,77.209
61,2.033,6,2,car,0.6629,136,66,167,93,151,79,CAM_01,28.6139,77.209
61,2.033,9,2,car,0.6947,19,41,40,57,29,49,CAM_01,28.6139,77.209
61,2.033,11,2,car,0.7336,81,61,111,83,96,72,CAM_01,28.6139,77.209
61,2.033,19,2,car,0.6621,146,82,184,116,165,99,CAM_01,28.6139,77.209
61,2.033,23,2,car,0.5728,1,43,19,65,10,54,CAM_01,28.6139,77.209
61,2.033,25,2,car,0.3698,92,55,114,72,103,63,CAM_01,28.6139,77.209
61,2.033,7,7,truck,0.3392,143,30,167,55,155,42,CAM_01,28.6139,77.209
61,2.033,38,5,bus,0.3632,143,30,167,55,155,42,CAM_01,28.6139,77.209
61,2.033,40,2,car,0.4259,0,55,6,70,3,62,CAM_01,28.6139,77.209
62,2.067,1,2,car,0.7244,37,122,83,143,60,132,CAM_01,28.6139,77.209
62,2.067,2,2,car,0.84,65,114,99,143,82,128,CAM_01,28.6139,77.209
62,2.067,3,2,car,0.8211,151,97,195,143,173,120,CAM_01,28.6139,77.209
62,2.067,5,2,car,0.8493,72,80,113,113,92,96,CAM_01,28.6139,77.209
62,2.067,6,2,car,0.6521,136,66,167,93,151,79,CAM_01,28.6139,77.209
62,2.067,9,2,car,0.7253,19,41,40,57,29,49,CAM_01,28.6139,77.209
62,2.067,11,2,car,0.7153,81,61,111,83,96,72,CAM_01,28.6139,77.209
62,2.067,19,2,car,0.6517,146,82,184,116,165,99,CAM_01,28.6139,77.209
62,2.067,23,2,car,0.5714,1,43,19,65,10,54,CAM_01,28.6139,77.209
62,2.067,25,2,car,0.3384,92,55,114,71,103,63,CAM_01,28.6139,77.209
62,2.067,7,5,bus,0.3426,143,30,167,54,155,42,CAM_01,28.6139,77.209
62,2.067,38,7,truck,0.3949,143,30,167,54,155,42,CAM_01,28.6139,77.209
62,2.067,40,2,car,0.3297,0,54,6,70,3,62,CAM_01,28.6139,77.209
63,2.1,1,2,car,0.7225,37,123,82,143,59,133,CAM_01,28.6139,77.209
63,2.1,2,2,car,0.8502,64,114,99,143,81,128,CAM_01,28.6139,77.209
63,2.1,3,2,car,0.8151,151,98,195,143,173,120,CAM_01,28.6139,77.209
63,2.1,5,2,car,0.8369,72,80,112,113,92,96,CAM_01,28.6139,77.209
63,2.1,6,2,car,0.6642,136,67,167,93,151,80,CAM_01,28.6139,77.209
63,2.1,9,2,car,0.763,19,41,40,57,29,49,CAM_01,28.6139,77.209
63,2.1,11,2,car,0.676,81,61,110,83,95,72,CAM_01,28.6139,77.209
63,2.1,19,2,car,0.7036,147,82,184,116,165,99,CAM_01,28.6139,77.209
63,2.1,23,2,car,0.6285,1,43,20,65,10,54,CAM_01,28.6139,77.209
63,2.1,25,2,car,0.3261,92,56,114,71,103,63,CAM_01,28.6139,77.209
63,2.1,40,2,car,0.3652,0,52,6,70,3,61,CAM_01,28.6139,77.209
64,2.133,1,2,car,0.7496,39,123,83,143,61,133,CAM_01,28.6139,77.209
64,2.133,2,2,car,0.8524,64,115,98,143,81,129,CAM_01,28.6139,77.209
64,2.133,3,2,car,0.7808,151,98,194,144,172,121,CAM_01,28.6139,77.209
64,2.133,5,2,car,0.8372,72,81,112,114,92,97,CAM_01,28.6139,77.209
64,2.133,6,2,car,0.5696,136,67,167,94,151,80,CAM_01,28.6139,77.209
64,2.133,9,2,car,0.681,19,40,40,57,29,48,CAM_01,28.6139,77.209
64,2.133,11,2,car,0.6347,81,61,110,83,95,72,CAM_01,28.6139,77.209
64,2.133,19,2,car,0.7273,147,83,184,117,165,100,CAM_01,28.6139,77.209
64,2.133,23,2,car,0.5917,1,42,20,64,10,53,CAM_01,28.6139,77.209
64,2.133,25,2,car,0.3541,92,56,114,71,103,63,CAM_01,28.6139,77.209
64,2.133,40,2,car,0.4349,0,51,7,70,3,60,CAM_01,28.6139,77.209
64,2.133,7,7,truck,0.4599,144,30,166,53,155,41,CAM_01,28.6139,77.209
65,2.167,1,2,car,0.7141,40,124,83,144,61,134,CAM_01,28.6139,77.209
65,2.167,2,2,car,0.8662,64,115,98,143,81,129,CAM_01,28.6139,77.209
65,2.167,3,2,car,0.8148,152,99,194,143,173,121,CAM_01,28.6139,77.209
65,2.167,5,2,car,0.8317,72,81,112,114,92,97,CAM_01,28.6139,77.209
65,2.167,6,2,car,0.571,136,67,167,94,151,80,CAM_01,28.6139,77.209
65,2.167,9,2,car,0.6676,20,40,40,57,30,48,CAM_01,28.6139,77.209
65,2.167,11,2,car,0.6571,81,61,110,83,95,72,CAM_01,28.6139,77.209
65,2.167,19,2,car,0.7056,146,83,184,117,165,100,CAM_01,28.6139,77.209
65,2.167,23,2,car,0.5495,1,42,21,64,11,53,CAM_01,28.6139,77.209
65,2.167,25,2,car,0.3614,92,56,114,71,103,63,CAM_01,28.6139,77.209
65,2.167,40,2,car,0.3515,0,51,7,70,3,60,CAM_01,28.6139,77.209
65,2.167,7,7,truck,0.4986,144,30,166,53,155,41,CAM_01,28.6139,77.209
65,2.167,34,2,car,0.3076,50,39,62,49,56,44,CAM_01,28.6139,77.209
66,2.2,1,2,car,0.6742,41,125,82,143,61,134,CAM_01,28.6139,77.209
66,2.2,2,2,car,0.8749,63,116,97,143,80,129,CAM_01,28.6139,77.209
66,2.2,3,2,car,0.8155,152,100,194,143,173,121,CAM_01,28.6139,77.209
66,2.2,5,2,car,0.8227,71,81,112,114,91,97,CAM_01,28.6139,77.209
66,2.2,6,2,car,0.575,136,67,167,94,151,80,CAM_01,28.6139,77.209
66,2.2,9,2,car,0.7336,20,40,41,57,30,48,CAM_01,28.6139,77.209
66,2.2,11,2,car,0.6498,80,62,111,85,95,73,CAM_01,28.6139,77.209
66,2.2,19,2,car,0.6694,146,84,184,118,165,101,CAM_01,28.6139,77.209
66,2.2,23,2,car,0.6289,1,42,21,64,11,53,CAM_01,28.6139,77.209
66,2.2,25,2,car,0.3733,92,56,114,71,103,63,CAM_01,28.6139,77.209
66,2.2,40,2,car,0.4453,0,50,7,70,3,60,CAM_01,28.6139,77.209
66,2.2,7,7,truck,0.5576,145,30,166,52,155,41,CAM_01,28.6139,77.209
66,2.2,34,2,car,0.3112,50,39,62,49,56,44,CAM_01,28.6139,77.209
66,2.2,41,2,car,0.3055,93,55,112,65,102,60,CAM_01,28.6139,77.209
67,2.233,1,2,car,0.6017,41,126,82,143,61,134,CAM_01,28.6139,77.209
67,2.233,2,2,car,0.8113,64,117,97,143,80,130,CAM_01,28.6139,77.209
67,2.233,3,2,car,0.7969,153,101,194,143,173,122,CAM_01,28.6139,77.209
67,2.233,5,2,car,0.8076,71,82,112,115,91,98,CAM_01,28.6139,77.209
67,2.233,6,2,car,0.545,136,67,167,94,151,80,CAM_01,28.6139,77.209
67,2.233,9,2,car,0.7249,20,40,41,57,30,48,CAM_01,28.6139,77.209
67,2.233,11,2,car,0.6701,79,62,112,87,95,74,CAM_01,28.6139,77.209
67,2.233,19,2,car,0.689,146,84,184,119,165,101,CAM_01,28.6139,77.209
67,2.233,23,2,car,0.6476,1,42,21,64,11,53,CAM_01,28.6139,77.209
67,2.233,25,2,car,0.3728,92,56,113,71,102,63,CAM_01,28.6139,77.209
67,2.233,40,2,car,0.6022,0,50,8,69,4,59,CAM_01,28.6139,77.209
67,2.233,7,7,truck,0.5082,144,30,167,53,155,41,CAM_01,28.6139,77.209
67,2.233,34,2,car,0.3089,51,39,62,49,56,44,CAM_01,28.6139,77.209
68,2.267,1,2,car,0.5474,42,127,81,143,61,135,CAM_01,28.6139,77.209
68,2.267,2,2,car,0.7904,64,117,98,143,81,130,CAM_01,28.6139,77.209
68,2.267,3,2,car,0.7839,153,102,194,144,173,123,CAM_01,28.6139,77.209
68,2.267,5,2,car,0.8032,71,82,112,115,91,98,CAM_01,28.6139,77.209
68,2.267,6,2,car,0.5237,136,67,167,95,151,81,CAM_01,28.6139,77.209
68,2.267,9,2,car,0.7119,20,40,41,57,30,48,CAM_01,28.6139,77.209
68,2.267,11,2,car,0.6383,79,62,112,86,95,74,CAM_01,28.6139,77.209
68,2.267,19,2,car,0.7093,146,84,184,120,165,102,CAM_01,28.6139,77.209
68,2.267,23,2,car,0.647,1,42,21,63,11,52,CAM_01,28.6139,77.209
68,2.267,25,2,car,0.3638,93,56,112,69,102,62,CAM_01,28.6139,77.209
68,2.267,40,2,car,0.5764,0,50,8,69,4,59,CAM_01,28.6139,77.209
68,2.267,7,7,truck,0.5025,144,30,167,54,155,42,CAM_01,28.6139,77.209
69,2.3,1,2,car,0.6412,43,128,81,143,62,135,CAM_01,28.6139,77.209
69,2.3,2,2,car,0.843,64,118,97,143,80,130,CAM_01,28.6139,77.209
69,2.3,3,2,car,0.8112,153,102,195,144,174,123,CAM_01,28.6139,77.209
69,2.3,5,2,car,0.8184,71,82,112,116,91,99,CAM_01,28.6139,77.209
69,2.3,6,2,car,0.4894,136,68,167,95,151,81,CAM_01,28.6139,77.209
69,2.3,9,2,car,0.6687,20,40,41,57,30,48,CAM_01,28.6139,77.209
69,2.3,11,2,car,0.7075,79,62,111,87,95,74,CAM_01,28.6139,77.209
69,2.3,19,2,car,0.7056,146,84,184,120,165,102,CAM_01,28.6139,77.209
69,2.3,23,2,car,0.5455,1,42,21,63,11,52,CAM_01,28.6139,77.209
69,2.3,25,2,car,0.3806,92,55,113,70,102,62,CAM_01,28.6139,77.209
69,2.3,40,2,car,0.5489,0,50,8,69,4,59,CAM_01,28.6139,77.209
69,2.3,7,7,truck,0.5085,144,30,167,54,155,42,CAM_01,28.6139,77.209
69,2.3,13,7,truck,0.3009,32,33,51,49,41,41,CAM_01,28.6139,77.209
69,2.3,41,2,car,0.3237,90,53,114,66,102,59,CAM_01,28.6139,77.209
70,2.333,1,2,car,0.5877,44,128,80,143,62,135,CAM_01,28.6139,77.209
70,2.333,2,2,car,0.8234,64,119,97,143,80,131,CAM_01,28.6139,77.209
70,2.333,3,2,car,0.7812,153,102,195,144,174,123,CAM_01,28.6139,77.209
70,2.333,5,2,car,0.8414,70,82,112,116,91,99,CAM_01,28.6139,77.209
70,2.333,6,2,car,0.4554,136,68,167,95,151,81,CAM_01,28.6139,77.209
70,2.333,9,2,car,0.6452,21,40,41,57,31,48,CAM_01,28.6139,77.209
70,2.333,11,2,car,0.6743,80,62,111,86,95,74,CAM_01,28.6139,77.209
70,2.333,19,2,car,0.7516,146,85,184,121,165,103,CAM_01,28.6139,77.209
70,2.333,23,2,car,0.5605,1,42,22,63,11,52,CAM_01,28.6139,77.209
70,2.333,25,2,car,0.3791,91,56,114,71,102,63,CAM_01,28.6139,77.209
70,2.333,40,2,car,0.6246,0,50,8,69,4,59,CAM_01,28.6139,77.209
70,2.333,7,7,truck,0.4515,144,30,167,53,155,41,CAM_01,28.6139,77.209
71,2.367,1,2,car,0.6399,43,129,80,143,61,136,CAM_01,28.6139,77.209
71,2.367,2,2,car,0.8541,64,119,98,144,81,131,CAM_01,28.6139,77.209
71,2.367,3,2,car,0.7562,153,102,195,143,174,122,CAM_01,28.6139,77.209
71,2.367,5,2,car,0.8383,70,82,112,116,91,99,CAM_01,28.6139,77.209
71,2.367,6,2,car,0.471,136,68,167,95,151,81,CAM_01,28.6139,77.209
71,2.367,9,2,car,0.6162,21,40,41,56,31,48,CAM_01,28.6139,77.209
71,2.367,11,2,car,0.6715,79,63,111,88,95,75,CAM_01,28.6139,77.209
71,2.367,19,2,car,0.7503,147,85,184,121,165,103,CAM_01,28.6139,77.209
71,2.367,23,2,car,0.5393,2,42,22,63,12,52,CAM_01,28.6139,77.209
71,2.367,25,2,car,0.3985,91,56,114,72,102,64,CAM_01,28.6139,77.209
71,2.367,40,2,car,0.5608,0,50,8,69,4,59,CAM_01,28.6139,77.209
71,2.367,7,7,truck,0.4205,144,30,168,54,156,42,CAM_01,28.6139,77.209
72,2.4,1,2,car,0.582,44,130,79,144,61,137,CAM_01,28.6139,77.209
72,2.4,2,2,car,0.8287,64,120,97,143,80,131,CAM_01,28.6139,77.209
72,2.4,3,2,car,0.7546,153,103,195,143,174,123,CAM_01,28.6139,77.209
72,2.4,5,2,car,0.841,70,83,111,117,90,100,CAM_01,28.6139,77.209
72,2.4,6,2,car,0.4926,136,68,167,96,151,82,CAM_01,28.6139,77.209
72,2.4,9,2,car,0.6832,22,40,41,56,31,48,CAM_01,28.6139,77.209
72,2.4,11,2,car,0.7229,79,63,111,88,95,75,CAM_01,28.6139,77.209
72,2.4,19,2,car,0.7576,147,85,185,122,166,103,CAM_01,28.6139,77.209
72,2.4,23,2,car,0.578,2,42,22,63,12,52,CAM_01,28.6139,77.209
72,2.4,25,2,car,0.3658,90,55,115,72,102,63,CAM_01,28.6139,77.209
72,2.4,40,2,car,0.5922,0,49,9,69,4,59,CAM_01,28.6139,77.209
72,2.4,7,7,truck,0.4025,145,30,168,53,156,41,CAM_01,28.6139,77.209
73,2.433,1,2,car,0.4458,44,130,79,144,61,137,CAM_01,28.6139,77.209
73,2.433,2,2,car,0.8251,63,121,97,143,80,132,CAM_01,28.6139,77.209
73,2.433,3,2,car,0.7571,153,104,195,143,174,123,CAM_01,28.6139,77.209
73,2.433,5,2,car,0.8491,70,84,111,117,90,100,CAM_01,28.6139,77.209
73,2.433,6,2,car,0.5012,136,68,167,96,151,82,CAM_01,28.6139,77.209
73,2.433,9,2,car,0.6673,22,40,41,55,31,47,CAM_01,28.6139,77.209
73,2.433,11,2,car,0.7447,79,63,111,89,95,76,CAM_01,28.6139,77.209
73,2.433,19,2,car,0.6542,147,85,185,122,166,103,CAM_01,28.6139,77.209
73,2.433,23,2,car,0.4907,3,42,24,63,13,52,CAM_01,28.6139,77.209
73,2.433,25,2,car,0.3625,90,55,115,73,102,64,CAM_01,28.6139,77.209
73,2.433,40,2,car,0.6126,1,49,9,68,5,58,CAM_01,28.6139,77.209
73,2.433,7,7,truck,0.428,145,31,168,54,156,42,CAM_01,28.6139,77.209
74,2.467,1,2,car,0.3161,45,131,78,144,61,137,CAM_01,28.6139,77.209
74,2.467,2,2,car,0.8508,63,122,97,143,80,132,CAM_01,28.6139,77.209
74,2.467,3,2,car,0.7603,153,104,196,144,174,124,CAM_01,28.6139,77.209
74,2.467,5,2,car,0.8407,70,84,111,118,90,101,CAM_01,28.6139,77.209
74,2.467,6,2,car,0.6703,136,68,167,96,151,82,CAM_01,28.6139,77.209
74,2.467,9,2,car,0.5925,23,40,42,55,32,47,CAM_01,28.6139,77.209
74,2.467,11,2,car,0.7182,79,63,111,89,95,76,CAM_01,28.6139,77.209
74,2.467,19,2,car,0.5866,147,85,185,122,166,103,CAM_01,28.6139,77.209
74,2.467,23,2,car,0.4411,4,42,24,62,14,52,CAM_01,28.6139,77.209
74,2.467,25,2,car,0.3247,90,56,114,73,102,64,CAM_01,28.6139,77.209
74,2.467,40,2,car,0.5948,0,49,9,68,4,58,CAM_01,28.6139,77.209
74,2.467,7,7,truck,0.4076,145,31,168,53,156,42,CAM_01,28.6139,77.209
75,2.5,1,2,car,0.3677,45,132,77,144,61,138,CAM_01,28.6139,77.209
75,2.5,2,2,car,0.8366,63,122,96,143,79,132,CAM_01,28.6139,77.209
75,2.5,3,2,car,0.7831,154,104,196,144,175,124,CAM_01,28.6139,77.209
75,2.5,5,2,car,0.8355,70,84,111,118,90,101,CAM_01,28.6139,77.209
75,2.5,6,2,car,0.6736,136,68,167,97,151,82,CAM_01,28.6139,77.209
75,2.5,9,2,car,0.6098,23,40,42,55,32,47,CAM_01,28.6139,77.209
75,2.5,11,2,car,0.7026,80,64,110,88,95,76,CAM_01,28.6139,77.209
75,2.5,19,2,car,0.5471,147,86,185,121,166,103,CAM_01,28.6139,77.209
75,2.5,23,2,car,0.5372,5,42,24,62,14,52,CAM_01,28.6139,77.209
75,2.5,25,2,car,0.3436,90,56,114,73,102,64,CAM_01,28.6139,77.209
75,2.5,40,2,car,0.5648,0,49,9,68,4,58,CAM_01,28.6139,77.209
75,2.5,7,7,truck,0.4138,145,31,167,53,156,42,CAM_01,28.6139,77.209
75,2.5,43,2,car,0.3295,161,68,174,83,167,75,CAM_01,28.6139,77.209
76,2.533,1,2,car,0.311,45,133,76,144,60,138,CAM_01,28.6139,77.209
76,2.533,2,2,car,0.75,63,123,96,143,79,133,CAM_01,28.6139,77.209
76,2.533,3,2,car,0.6866,154,105,196,144,175,124,CAM_01,28.6139,77.209
76,2.533,5,2,car,0.8353,69,85,111,119,90,102,CAM_01,28.6139,77.209
76,2.533,6,2,car,0.7019,136,68,167,97,151,82,CAM_01,28.6139,77.209
76,2.533,9,2,car,0.6508,23,41,42,55,32,48,CAM_01,28.6139,77.209
76,2.533,11,2,car,0.7092,80,64,110,88,95,76,CAM_01,28.6139,77.209
76,2.533,19,2,car,0.6628,147,86,185,123,166,104,CAM_01,28.6139,77.209
76,2.533,23,2,car,0.5356,5,42,25,62,15,52,CAM_01,28.6139,77.209
76,2.533,25,2,car,0.3471,90,56,115,74,102,65,CAM_01,28.6139,77.209
76,2.533,40,2,car,0.5081,1,48,10,68,5,58,CAM_01,28.6139,77.209
76,2.533,7,7,truck,0.4566,145,31,168,53,156,42,CAM_01,28.6139,77.209
76,2.533,43,2,car,0.3651,161,69,175,85,168,77,CAM_01,28.6139,77.209
77,2.567,2,2,car,0.7605,63,123,96,143,79,133,CAM_01,28.6139,77.209
77,2.567,3,2,car,0.758,154,105,196,144,175,124,CAM_01,28.6139,77.209
77,2.567,5,2,car,0.8036,69,85,111,119,90,102,CAM_01,28.6139,77.209
77,2.567,6,2,car,0.6747,136,68,168,97,152,82,CAM_01,28.6139,77.209
77,2.567,9,2,car,0.6456,23,41,43,55,33,48,CAM_01,28.6139,77.209
77,2.567,11,2,car,0.6879,79,64,110,89,94,76,CAM_01,28.6139,77.209
77,2.567,19,2,car,0.6816,147,86,185,123,166,104,CAM_01,28.6139,77.209
77,2.567,23,2,car,0.5578,5,42,25,62,15,52,CAM_01,28.6139,77.209
77,2.567,25,2,car,0.3452,90,56,115,74,102,65,CAM_01,28.6139,77.209
77,2.567,40,2,car,0.3232,1,48,10,67,5,57,CAM_01,28.6139,77.209
77,2.567,7,7,truck,0.4487,145,30,168,53,156,41,CAM_01,28.6139,77.209
77,2.567,43,2,car,0.3517,160,69,175,85,167,77,CAM_01,28.6139,77.209
78,2.6,2,2,car,0.6971,63,124,95,143,79,133,CAM_01,28.6139,77.209
78,2.6,3,2,car,0.7351,154,105,197,144,175,124,CAM_01,28.6139,77.209
78,2.6,5,2,car,0.8386,69,85,111,119,90,102,CAM_01,28.6139,77.209
78,2.6,6,2,car,0.6809,136,69,167,97,151,83,CAM_01,28.6139,77.209
78,2.6,9,2,car,0.6113,23,41,43,55,33,48,CAM_01,28.6139,77.209
78,2.6,11,2,car,0.6733,79,64,110,90,94,77,CAM_01,28.6139,77.209
78,2.6,19,2,car,0.6964,147,87,185,124,166,105,CAM_01,28.6139,77.209
78,2.6,23,2,car,0.5902,6,42,25,61,15,51,CAM_01,28.6139,77.209
78,2.6,25,2,car,0.3109,90,57,115,74,102,65,CAM_01,28.6139,77.209
78,2.6,40,2,car,0.4649,1,48,10,67,5,57,CAM_01,28.6139,77.209
78,2.6,7,7,truck,0.4372,146,30,168,53,157,41,CAM_01,28.6139,77.209
78,2.6,43,2,car,0.3467,160,69,175,86,167,77,CAM_01,28.6139,77.209
78,2.6,1,2,car,0.3217,46,135,74,144,60,139,CAM_01,28.6139,77.209
79,2.633,2,2,car,0.7553,63,125,95,143,79,134,CAM_01,28.6139,77.209
79,2.633,3,2,car,0.6978,154,106,197,144,175,125,CAM_01,28.6139,77.209
79,2.633,5,2,car,0.8503,69,85,111,120,90,102,CAM_01,28.6139,77.209
79,2.633,6,2,car,0.7036,136,69,168,97,152,83,CAM_01,28.6139,77.209
79,2.633,9,2,car,0.6262,23,41,43,55,33,48,CAM_01,28.6139,77.209
79,2.633,11,2,car,0.6916,80,64,110,89,95,76,CAM_01,28.6139,77.209
79,2.633,19,2,car,0.6841,148,87,185,123,166,105,CAM_01,28.6139,77.209
79,2.633,23,2,car,0.6273,6,42,26,61,16,51,CAM_01,28.6139,77.209
79,2.633,25,2,car,0.3038,90,57,115,74,102,65,CAM_01,28.6139,77.209
79,2.633,40,2,car,0.4575,1,48,10,67,5,57,CAM_01,28.6139,77.209
79,2.633,7,7,truck,0.4179,145,30,168,53,156,41,CAM_01,28.6139,77.209
79,2.633,43,2,car,0.3359,160,69,176,86,168,77,CAM_01,28.6139,77.209
80,2.667,2,2,car,0.7787,63,125,95,143,79,134,CAM_01,28.6139,77.209
80,2.667,3,2,car,0.708,154,107,196,143,175,125,CAM_01,28.6139,77.209
80,2.667,5,2,car,0.8615,68,86,111,120,89,103,CAM_01,28.6139,77.209
80,2.667,6,2,car,0.6843,136,69,168,98,152,83,CAM_01,28.6139,77.209
80,2.667,9,2,car,0.6608,23,41,43,55,33,48,CAM_01,28.6139,77.209
80,2.667,11,2,car,0.7023,80,64,110,89,95,76,CAM_01,28.6139,77.209
80,2.667,19,2,car,0.6817,148,87,185,124,166,105,CAM_01,28.6139,77.209
80,2.667,23,2,car,0.6025,6,42,26,61,16,51,CAM_01,28.6139,77.209
80,2.667,25,2,car,0.3123,90,57,115,75,102,66,CAM_01,28.6139,77.209
80,2.667,40,2,car,0.4245,1,48,11,67,6,57,CAM_01,28.6139,77.209
80,2.667,7,7,truck,0.4294,145,30,169,56,157,43,CAM_01,28.6139,77.209
80,2.667,1,2,car,0.3633,47,136,72,144,59,140,CAM_01,28.6139,77.209
81,2.7,2,2,car,0.715,64,126,96,143,80,134,CAM_01,28.6139,77.209
81,2.7,3,2,car,0.7434,155,107,197,143,176,125,CAM_01,28.6139,77.209
81,2.7,5,2,car,0.8513,68,86,111,121,89,103,CAM_01,28.6139,77.209
81,2.7,6,2,car,0.6717,136,69,168,99,152,84,CAM_01,28.6139,77.209
81,2.7,9,2,car,0.5055,24,41,43,55,33,48,CAM_01,28.6139,77.209
81,2.7,11,2,car,0.7046,79,65,110,90,94,77,CAM_01,28.6139,77.209
81,2.7,19,2,car,0.674,148,88,186,125,167,106,CAM_01,28.6139,77.209
81,2.7,23,2,car,0.5311,6,42,26,61,16,51,CAM_01,28.6139,77.209
81,2.7,25,2,car,0.3746,90,57,115,75,102,66,CAM_01,28.6139,77.209
81,2.7,7,7,truck,0.4679,144,30,170,57,157,43,CAM_01,28.6139,77.209
82,2.733,2,2,car,0.6874,64,127,95,143,79,135,CAM_01,28.6139,77.209
82,2.733,3,2,car,0.7291,155,108,197,143,176,125,CAM_01,28.6139,77.209
82,2.733,5,2,car,0.845,68,86,111,121,89,103,CAM_01,28.6139,77.209
82,2.733,6,2,car,0.7075,136,69,168,98,152,83,CAM_01,28.6139,77.209
82,2.733,9,2,car,0.5377,24,40,43,55,33,47,CAM_01,28.6139,77.209
82,2.733,11,2,car,0.6733,79,65,110,90,94,77,CAM_01,28.6139,77.209
82,2.733,19,2,car,0.6953,148,88,185,125,166,106,CAM_01,28.6139,77.209
82,2.733,23,2,car,0.5653,7,42,26,61,16,51,CAM_01,28.6139,77.209
82,2.733,25,2,car,0.3423,90,57,115,75,102,66,CAM_01,28.6139,77.209
82,2.733,7,7,truck,0.4576,145,31,169,56,157,43,CAM_01,28.6139,77.209
82,2.733,43,2,car,0.3907,162,69,176,85,169,77,CAM_01,28.6139,77.209
83,2.767,2,2,car,0.7088,64,128,95,143,79,135,CAM_01,28.6139,77.209
83,2.767,3,2,car,0.7718,155,108,198,143,176,125,CAM_01,28.6139,77.209
83,2.767,5,2,car,0.841,68,86,111,122,89,104,CAM_01,28.6139,77.209
83,2.767,6,2,car,0.7311,136,70,168,98,152,84,CAM_01,28.6139,77.209
83,2.767,9,2,car,0.4301,24,40,44,55,34,47,CAM_01,28.6139,77.209
83,2.767,11,2,car,0.655,79,65,110,90,94,77,CAM_01,28.6139,77.209
83,2.767,19,2,car,0.7285,149,89,185,125,167,107,CAM_01,28.6139,77.209
83,2.767,23,2,car,0.6302,7,42,27,61,17,51,CAM_01,28.6139,77.209
83,2.767,25,2,car,0.3599,89,57,114,75,101,66,CAM_01,28.6139,77.209
83,2.767,7,7,truck,0.4517,145,31,169,55,157,43,CAM_01,28.6139,77.209
83,2.767,43,2,car,0.3654,161,70,176,86,168,78,CAM_01,28.6139,77.209
83,2.767,40,2,car,0.3392,1,47,12,67,6,57,CAM_01,28.6139,77.209
84,2.8,2,2,car,0.722,63,128,95,143,79,135,CAM_01,28.6139,77.209
84,2.8,3,2,car,0.7883,156,109,198,143,177,126,CAM_01,28.6139,77.209
84,2.8,5,2,car,0.8373,67,87,111,122,89,104,CAM_01,28.6139,77.209
84,2.8,6,2,car,0.692,136,70,167,98,151,84,CAM_01,28.6139,77.209
84,2.8,9,2,car,0.4289,24,40,44,55,34,47,CAM_01,28.6139,77.209
84,2.8,11,2,car,0.6503,78,65,111,93,94,79,CAM_01,28.6139,77.209
84,2.8,19,2,car,0.7273,149,89,185,124,167,106,CAM_01,28.6139,77.209
84,2.8,23,2,car,0.4973,7,42,27,61,17,51,CAM_01,28.6139,77.209
84,2.8,25,2,car,0.3462,90,58,114,75,102,66,CAM_01,28.6139,77.209
84,2.8,7,7,truck,0.416,145,31,168,55,156,43,CAM_01,28.6139,77.209
84,2.8,43,2,car,0.3305,162,70,176,86,169,78,CAM_01,28.6139,77.209
85,2.833,2,2,car,0.6509,64,129,94,143,79,136,CAM_01,28.6139,77.209
85,2.833,3,2,car,0.8077,156,110,198,143,177,126,CAM_01,28.6139,77.209
85,2.833,5,2,car,0.8513,67,87,111,123,89,105,CAM_01,28.6139,77.209
85,2.833,6,2,car,0.6813,136,70,168,98,152,84,CAM_01,28.6139,77.209
85,2.833,9,2,car,0.3946,24,40,45,55,34,47,CAM_01,28.6139,77.209
85,2.833,11,2,car,0.6581,78,65,111,94,94,79,CAM_01,28.6139,77.209
85,2.833,19,2,car,0.7574,149,90,186,125,167,107,CAM_01,28.6139,77.209
85,2.833,23,2,car,0.5089,7,42,27,61,17,51,CAM_01,28.6139,77.209
85,2.833,25,2,car,0.3876,90,58,114,75,102,66,CAM_01,28.6139,77.209
85,2.833,7,7,truck,0.4292,145,31,168,54,156,42,CAM_01,28.6139,77.209
85,2.833,43,2,car,0.3571,162,70,176,86,169,78,CAM_01,28.6139,77.209
86,2.867,2,2,car,0.6086,64,130,94,143,79,136,CAM_01,28.6139,77.209
86,2.867,3,2,car,0.8063,156,110,198,144,177,127,CAM_01,28.6139,77.209
86,2.867,5,2,car,0.8616,67,87,111,123,89,105,CAM_01,28.6139,77.209
86,2.867,6,2,car,0.6854,136,70,168,99,152,84,CAM_01,28.6139,77.209
86,2.867,9,2,car,0.3912,24,40,45,55,34,47,CAM_01,28.6139,77.209
86,2.867,11,2,car,0.6577,78,65,111,94,94,79,CAM_01,28.6139,77.209
86,2.867,19,2,car,0.7388,148,89,186,126,167,107,CAM_01,28.6139,77.209
86,2.867,23,2,car,0.5938,8,42,27,61,17,51,CAM_01,28.6139,77.209
86,2.867,25,2,car,0.4065,90,58,114,75,102,66,CAM_01,28.6139,77.209
86,2.867,7,7,truck,0.4316,146,31,168,54,157,42,CAM_01,28.6139,77.209
86,2.867,43,2,car,0.3888,162,70,176,86,169,78,CAM_01,28.6139,77.209
87,2.9,2,2,car,0.6931,63,131,93,143,78,137,CAM_01,28.6139,77.209
87,2.9,3,2,car,0.8218,156,110,198,144,177,127,CAM_01,28.6139,77.209
87,2.9,5,2,car,0.8517,67,87,111,123,89,105,CAM_01,28.6139,77.209
87,2.9,6,2,car,0.5546,136,70,168,99,152,84,CAM_01,28.6139,77.209
87,2.9,9,2,car,0.3553,24,40,45,55,34,47,CAM_01,28.6139,77.209
87,2.9,11,2,car,0.6326,77,65,111,94,94,79,CAM_01,28.6139,77.209
87,2.9,19,2,car,0.7207,149,89,185,124,167,106,CAM_01,28.6139,77.209
87,2.9,23,2,car,0.4993,8,42,28,61,18,51,CAM_01,28.6139,77.209
87,2.9,25,2,car,0.3726,89,58,114,76,101,67,CAM_01,28.6139,77.209
87,2.9,7,7,truck,0.5022,146,31,168,54,157,42,CAM_01,28.6139,77.209
87,2.9,43,2,car,0.3482,162,70,176,86,169,78,CAM_01,28.6139,77.209
87,2.9,40,2,car,0.4166,2,47,12,65,7,56,CAM_01,28.6139,77.209
88,2.933,2,2,car,0.6595,63,131,92,143,77,137,CAM_01,28.6139,77.209
88,2.933,3,2,car,0.7998,156,111,199,143,177,127,CAM_01,28.6139,77.209
88,2.933,5,2,car,0.8667,66,88,111,124,88,106,CAM_01,28.6139,77.209
88,2.933,6,2,car,0.576,136,70,168,100,152,85,CAM_01,28.6139,77.209
88,2.933,9,2,car,0.3478,25,40,45,55,35,47,CAM_01,28.6139,77.209
88,2.933,11,2,car,0.6796,77,66,111,94,94,80,CAM_01,28.6139,77.209
88,2.933,19,2,car,0.7726,149,90,185,124,167,107,CAM_01,28.6139,77.209
88,2.933,23,2,car,0.4662,8,42,28,61,18,51,CAM_01,28.6139,77.209
88,2.933,25,2,car,0.3949,90,59,114,76,102,67,CAM_01,28.6139,77.209
88,2.933,7,7,truck,0.5034,146,31,168,54,157,42,CAM_01,28.6139,77.209
88,2.933,43,2,car,0.3891,162,70,176,86,169,78,CAM_01,28.6139,77.209
88,2.933,40,2,car,0.4911,1,47,12,65,6,56,CAM_01,28.6139,77.209
89,2.967,2,2,car,0.6229,63,132,92,143,77,137,CAM_01,28.6139,77.209
89,2.967,3,2,car,0.8268,156,111,199,144,177,127,CAM_01,28.6139,77.209
89,2.967,5,2,car,0.8534,66,88,111,124,88,106,CAM_01,28.6139,77.209
89,2.967,6,2,car,0.5191,135,70,168,101,151,85,CAM_01,28.6139,77.209
89,2.967,9,2,car,0.3244,25,40,45,55,35,47,CAM_01,28.6139,77.209
89,2.967,11,2,car,0.6487,78,66,110,94,94,80,CAM_01,28.6139,77.209
89,2.967,19,2,car,0.7758,149,90,185,124,167,107,CAM_01,28.6139,77.209
89,2.967,23,2,car,0.3705,9,42,28,61,18,51,CAM_01,28.6139,77.209
89,2.967,25,2,car,0.3934,90,59,113,76,101,67,CAM_01,28.6139,77.209
89,2.967,7,7,truck,0.5079,146,31,168,54,157,42,CAM_01,28.6139,77.209
89,2.967,43,2,car,0.357,162,70,176,87,169,78,CAM_01,28.6139,77.209
89,2.967,40,2,car,0.4014,1,47,12,65,6,56,CAM_01,28.6139,77.209
90,3.0,2,2,car,0.5891,64,133,92,143,78,138,CAM_01,28.6139,77.209
90,3.0,3,2,car,0.8418,156,111,199,144,177,127,CAM_01,28.6139,77.209
90,3.0,5,2,car,0.8414,66,89,110,125,88,107,CAM_01,28.6139,77.209
90,3.0,6,2,car,0.6165,135,70,168,100,151,85,CAM_01,28.6139,77.209
90,3.0,9,2,car,0.5509,26,39,46,54,36,46,CAM_01,28.6139,77.209
90,3.0,11,2,car,0.6775,78,66,110,94,94,80,CAM_01,28.6139,77.209
90,3.0,19,2,car,0.7814,149,90,185,124,167,107,CAM_01,28.6139,77.209
90,3.0,23,2,car,0.4256,9,42,29,60,19,51,CAM_01,28.6139,77.209
90,3.0,25,2,car,0.3569,90,59,114,76,102,67,CAM_01,28.6139,77.209
90,3.0,7,7,truck,0.5026,146,31,168,54,157,42,CAM_01,28.6139,77.209
90,3.0,43,2,car,0.3776,162,70,176,87,169,78,CAM_01,28.6139,77.209
90,3.0,40,2,car,0.3248,1,46,13,65,7,55,CAM_01,28.6139,77.209
91,3.033,2,2,car,0.5634,65,134,91,143,78,138,CAM_01,28.6139,77.209
91,3.033,3,2,car,0.8236,157,112,200,144,178,128,CAM_01,28.6139,77.209
91,3.033,5,2,car,0.8364,66,89,110,125,88,107,CAM_01,28.6139,77.209
91,3.033,6,2,car,0.6345,136,70,168,100,152,85,CAM_01,28.6139,77.209
91,3.033,9,2,car,0.5277,26,39,46,54,36,46,CAM_01,28.6139,77.209
91,3.033,11,2,car,0.6887,78,66,109,94,93,80,CAM_01,28.6139,77.209
91,3.033,19,2,car,0.7683,149,91,186,125,167,108,CAM_01,28.6139,77.209
91,3.033,23,2,car,0.4047,9,41,29,60,19,50,CAM_01,28.6139,77.209
91,3.033,25,2,car,0.4047,89,59,114,76,101,67,CAM_01,28.6139,77.209
91,3.033,7,7,truck,0.5184,146,31,168,54,157,42,CAM_01,28.6139,77.209
91,3.033,43,2,car,0.4134,162,71,176,87,169,79,CAM_01,28.6139,77.209
91,3.033,40,2,car,0.5427,1,45,13,65,7,55,CAM_01,28.6139,77.209
92,3.067,2,2,car,0.5441,65,135,91,143,78,139,CAM_01,28.6139,77.209
92,3.067,3,2,car,0.8236,156,112,200,144,178,128,CAM_01,28.6139,77.209
92,3.067,5,2,car,0.8415,66,89,110,126,88,107,CAM_01,28.6139,77.209
92,3.067,6,2,car,0.6757,136,71,168,100,152,85,CAM_01,28.6139,77.209
92,3.067,9,2,car,0.5468,26,39,46,54,36,46,CAM_01,28.6139,77.209
92,3.067,11,2,car,0.7363,78,67,109,93,93,80,CAM_01,28.6139,77.209
92,3.067,19,2,car,0.8126,149,91,186,126,167,108,CAM_01,28.6139,77.209
92,3.067,23,2,car,0.4626,9,41,29,60,19,50,CAM_01,28.6139,77.209
92,3.067,25,2,car,0.5189,89,59,114,77,101,68,CAM_01,28.6139,77.209
92,3.067,7,7,truck,0.5269,145,31,169,55,157,43,CAM_01,28.6139,77.209
92,3.067,43,2,car,0.4499,162,71,176,87,169,79,CAM_01,28.6139,77.209
92,3.067,40,2,car,0.5639,1,44,14,65,7,54,CAM_01,28.6139,77.209
93,3.1,2,2,car,0.5633,66,136,90,143,78,139,CAM_01,28.6139,77.209
93,3.1,3,2,car,0.8155,156,113,200,144,178,128,CAM_01,28.6139,77.209
93,3.1,5,2,car,0.8424,66,90,110,126,88,108,CAM_01,28.6139,77.209
93,3.1,6,2,car,0.6711,136,71,168,101,152,86,CAM_01,28.6139,77.209
93,3.1,9,2,car,0.5082,27,39,46,54,36,46,CAM_01,28.6139,77.209
93,3.1,11,2,car,0.7602,78,67,108,94,93,80,CAM_01,28.6139,77.209
93,3.1,19,2,car,0.8113,149,92,186,126,167,109,CAM_01,28.6139,77.209
93,3.1,23,2,car,0.4466,9,41,29,60,19,50,CAM_01,28.6139,77.209
93,3.1,25,2,car,0.508,89,59,114,77,101,68,CAM_01,28.6139,77.209
93,3.1,7,7,truck,0.5303,145,31,169,55,157,43,CAM_01,28.6139,77.209
93,3.1,43,2,car,0.4231,162,71,176,88,169,79,CAM_01,28.6139,77.209
93,3.1,40,2,car,0.5481,1,45,14,65,7,55,CAM_01,28.6139,77.209
94,3.133,2,2,car,0.4587,66,137,89,143,77,140,CAM_01,28.6139,77.209
94,3.133,3,2,car,0.6457,157,113,200,143,178,128,CAM_01,28.6139,77.209
94,3.133,5,2,car,0.836,66,90,110,126,88,108,CAM_01,28.6139,77.209
94,3.133,6,2,car,0.6418,136,71,168,101,152,86,CAM_01,28.6139,77.209
94,3.133,9,2,car,0.5091,27,39,46,54,36,46,CAM_01,28.6139,77.209
94,3.133,11,2,car,0.7766,78,67,108,94,93,80,CAM_01,28.6139,77.209
94,3.133,19,2,car,0.7803,149,92,187,127,168,109,CAM_01,28.6139,77.209
94,3.133,23,2,car,0.3732,10,41,29,59,19,50,CAM_01,28.6139,77.209
94,3.133,25,2,car,0.4504,89,59,114,77,101,68,CAM_01,28.6139,77.209
94,3.133,7,7,truck,0.5109,146,31,169,55,157,43,CAM_01,28.6139,77.209
94,3.133,43,2,car,0.3213,162,71,176,88,169,79,CAM_01,28.6139,77.209
95,3.167,3,2,car,0.6213,158,114,201,143,179,128,CAM_01,28.6139,77.209
95,3.167,5,2,car,0.8272,66,90,110,127,88,108,CAM_01,28.6139,77.209
95,3.167,6,2,car,0.6043,136,71,168,101,152,86,CAM_01,28.6139,77.209
95,3.167,9,2,car,0.5265,27,39,46,54,36,46,CAM_01,28.6139,77.209
95,3.167,11,2,car,0.753,78,67,108,94,93,80,CAM_01,28.6139,77.209
95,3.167,19,2,car,0.794,149,92,187,127,168,109,CAM_01,28.6139,77.209
95,3.167,23,2,car,0.3451,10,41,30,59,20,50,CAM_01,28.6139,77.209
95,3.167,25,2,car,0.431,89,60,114,77,101,68,CAM_01,28.6139,77.209
95,3.167,7,7,truck,0.4819,146,31,168,55,157,43,CAM_01,28.6139,77.209
95,3.167,43,2,car,0.4355,162,71,176,88,169,79,CAM_01,28.6139,77.209
96,3.2,3,2,car,0.7107,159,115,200,143,179,129,CAM_01,28.6139,77.209
96,3.2,5,2,car,0.8269,65,91,110,128,87,109,CAM_01,28.6139,77.209
96,3.2,6,2,car,0.6422,136,71,169,101,152,86,CAM_01,28.6139,77.209
96,3.2,9,2,car,0.5934,28,39,47,54,37,46,CAM_01,28.6139,77.209
96,3.2,11,2,car,0.7651,78,67,108,94,93,80,CAM_01,28.6139,77.209
96,3.2,19,2,car,0.824,149,93,188,128,168,110,CAM_01,28.6139,77.209
96,3.2,23,2,car,0.3654,11,41,30,59,20,50,CAM_01,28.6139,77.209
96,3.2,25,2,car,0.4506,89,60,114,77,101,68,CAM_01,28.6139,77.209
96,3.2,7,7,truck,0.493,146,31,168,54,157,42,CAM_01,28.6139,77.209
96,3.2,43,2,car,0.4619,162,71,176,88,169,79,CAM_01,28.6139,77.209
96,3.2,48,2,car,0.3754,58,138,95,143,76,140,CAM_01,28.6139,77.209
97,3.233,3,2,car,0.7133,159,116,200,143,179,129,CAM_01,28.6139,77.209
97,3.233,5,2,car,0.8375,65,92,110,129,87,110,CAM_01,28.6139,77.209
97,3.233,6,2,car,0.6822,136,71,169,102,152,86,CAM_01,28.6139,77.209
97,3.233,9,2,car,0.5968,28,39,47,54,37,46,CAM_01,28.6139,77.209
97,3.233,11,2,car,0.7048,78,67,108,94,93,80,CAM_01,28.6139,77.209
97,3.233,19,2,car,0.8198,149,93,188,129,168,111,CAM_01,28.6139,77.209
97,3.233,23,2,car,0.3669,11,41,31,60,21,50,CAM_01,28.6139,77.209
97,3.233,25,2,car,0.4352,89,60,114,77,101,68,CAM_01,28.6139,77.209
97,3.233,7,7,truck,0.4946,146,31,169,54,157,42,CAM_01,28.6139,77.209
97,3.233,43,2,car,0.4521,162,71,176,88,169,79,CAM_01,28.6139,77.209
98,3.267,3,2,car,0.7632,159,116,201,143,180,129,CAM_01,28.6139,77.209
98,3.267,5,2,car,0.8519,65,92,110,129,87,110,CAM_01,28.6139,77.209
98,3.267,6,2,car,0.7325,136,71,169,102,152,86,CAM_01,28.6139,77.209
98,3.267,9,2,car,0.5823,28,39,47,54,37,46,CAM_01,28.6139,77.209
98,3.267,11,2,car,0.7374,78,68,108,94,93,81,CAM_01,28.6139,77.209
98,3.267,19,2,car,0.834,149,94,188,129,168,111,CAM_01,28.6139,77.209
98,3.267,23,2,car,0.4802,11,41,31,60,21,50,CAM_01,28.6139,77.209
98,3.267,25,2,car,0.4238,89,60,113,77,101,68,CAM_01,28.6139,77.209
98,3.267,7,7,truck,0.5731,145,31,170,57,157,44,CAM_01,28.6139,77.209
98,3.267,43,2,car,0.363,162,71,177,88,169,79,CAM_01,28.6139,77.209
98,3.267,40,2,car,0.3824,1,42,16,64,8,53,CAM_01,28.6139,77.209
99,3.3,3,2,car,0.7515,160,117,201,143,180,130,CAM_01,28.6139,77.209
99,3.3,5,2,car,0.852,65,92,110,129,87,110,CAM_01,28.6139,77.209
99,3.3,6,2,car,0.6824,136,72,169,102,152,87,CAM_01,28.6139,77.209
99,3.3,9,2,car,0.5371,28,39,47,54,37,46,CAM_01,28.6139,77.209
99,3.3,11,2,car,0.7476,78,68,108,95,93,81,CAM_01,28.6139,77.209
99,3.3,19,2,car,0.8391,149,94,188,129,168,111,CAM_01,28.6139,77.209
99,3.3,23,2,car,0.4177,12,41,31,59,21,50,CAM_01,28.6139,77.209
99,3.3,25,2,car,0.3964,89,60,113,77,101,68,CAM_01,28.6139,77.209
99,3.3,7,7,truck,0.5756,145,31,170,58,157,44,CAM_01,28.6139,77.209
99,3.3,43,2,car,0.3395,162,71,177,88,169,79,CAM_01,28.6139,77.209
99,3.3,40,2,car,0.323,1,44,16,63,8,53,CAM_01,28.6139,77.209
100,3.333,3,2,car,0.6666,160,117,201,143,180,130,CAM_01,28.6139,77.209
100,3.333,5,2,car,0.8555,64,93,110,130,87,111,CAM_01,28.6139,77.209
100,3.333,6,2,car,0.6806,136,72,169,102,152,87,CAM_01,28.6139,77.209
100,3.333,9,2,car,0.5149,28,39,47,54,37,46,CAM_01,28.6139,77.209
100,3.333,11,2,car,0.7353,78,69,108,95,93,82,CAM_01,28.6139,77.209
100,3.333,19,2,car,0.84,149,95,188,130,168,112,CAM_01,28.6139,77.209
100,3.333,23,2,car,0.4575,12,41,31,59,21,50,CAM_01,28.6139,77.209
100,3.333,25,2,car,0.342,89,60,113,77,101,68,CAM_01,28.6139,77.209
100,3.333,7,7,truck,0.6145,145,31,170,57,157,44,CAM_01,28.6139,77.209
100,3.333,43,2,car,0.3733,162,71,177,88,169,79,CAM_01,28.6139,77.209
100,3.333,40,2,car,0.301,2,46,16,64,9,55,CAM_01,28.6139,77.209
101,3.367,3,2,car,0.6507,159,117,201,143,180,130,CAM_01,28.6139,77.209
101,3.367,5,2,car,0.871,64,93,110,130,87,111,CAM_01,28.6139,77.209
101,3.367,6,2,car,0.7303,136,72,169,102,152,87,CAM_01,28.6139,77.209
101,3.367,9,2,car,0.5414,29,39,47,54,38,46,CAM_01,28.6139,77.209
101,3.367,11,2,car,0.7562,78,69,108,95,93,82,CAM_01,28.6139,77.209
101,3.367,19,2,car,0.8311,149,95,188,130,168,112,CAM_01,28.6139,77.209
101,3.367,23,2,car,0.4851,12,41,31,59,21,50,CAM_01,28.6139,77.209
101,3.367,25,2,car,0.3473,89,60,113,77,101,68,CAM_01,28.6139,77.209
101,3.367,7,7,truck,0.601,145,31,170,57,157,44,CAM_01,28.6139,77.209
101,3.367,43,2,car,0.3641,162,71,177,88,169,79,CAM_01,28.6139,77.209
101,3.367,51,2,car,0.3168,138,57,152,71,145,64,CAM_01,28.6139,77.209
102,3.4,3,2,car,0.6643,159,118,200,143,179,130,CAM_01,28.6139,77.209
102,3.4,5,2,car,0.8733,64,93,110,131,87,112,CAM_01,28.6139,77.209
102,3.4,6,2,car,0.7109,136,72,169,103,152,87,CAM_01,28.6139,77.209
102,3.4,9,2,car,0.5431,29,39,48,53,38,46,CAM_01,28.6139,77.209
102,3.4,11,2,car,0.7675,78,69,108,95,93,82,CAM_01,28.6139,77.209
102,3.4,19,2,car,0.757,149,95,189,131,169,113,CAM_01,28.6139,77.209
102,3.4,23,2,car,0.4459,12,41,32,59,22,50,CAM_01,28.6139,77.209
102,3.4,25,2,car,0.3417,89,61,113,78,101,69,CAM_01,28.6139,77.209
102,3.4,7,7,truck,0.5788,145,31,170,57,157,44,CAM_01,28.6139,77.209
102,3.4,43,2,car,0.3946,162,71,177,88,169,79,CAM_01,28.6139,77.209
102,3.4,40,2,car,0.4034,1,44,16,63,8,53,CAM_01,28.6139,77.209
103,3.433,3,2,car,0.7559,160,119,200,143,180,131,CAM_01,28.6139,77.209
103,3.433,5,2,car,0.8528,64,94,109,132,86,113,CAM_01,28.6139,77.209
103,3.433,6,2,car,0.7779,136,72,169,103,152,87,CAM_01,28.6139,77.209
103,3.433,9,2,car,0.5003,30,39,49,54,39,46,CAM_01,28.6139,77.209
103,3.433,11,2,car,0.7366,77,69,108,96,92,82,CAM_01,28.6139,77.209
103,3.433,19,2,car,0.7712,149,96,189,131,169,113,CAM_01,28.6139,77.209
103,3.433,23,2,car,0.3072,12,40,32,59,22,49,CAM_01,28.6139,77.209
103,3.433,25,2,car,0.3347,89,61,113,77,101,69,CAM_01,28.6139,77.209
103,3.433,7,7,truck,0.5588,146,31,170,57,158,44,CAM_01,28.6139,77.209
103,3.433,43,2,car,0.348,162,72,177,88,169,80,CAM_01,28.6139,77.209
103,3.433,40,2,car,0.4027,1,45,17,64,9,54,CAM_01,28.6139,77.209
103,3.433,51,2,car,0.3346,139,57,152,71,145,64,CAM_01,28.6139,77.209
104,3.467,3,2,car,0.7168,160,119,201,143,180,131,CAM_01,28.6139,77.209
104,3.467,5,2,car,0.8522,64,94,109,132,86,113,CAM_01,28.6139,77.209
104,3.467,6,2,car,0.7606,136,72,170,103,153,87,CAM_01,28.6139,77.209
104,3.467,9,2,car,0.5302,30,39,49,53,39,46,CAM_01,28.6139,77.209
104,3.467,11,2,car,0.7441,77,69,108,96,92,82,CAM_01,28.6139,77.209
104,3.467,19,2,car,0.8048,150,96,189,132,169,114,CAM_01,28.6139,77.209
104,3.467,23,2,car,0.4291,13,40,32,59,22,49,CAM_01,28.6139,77.209
104,3.467,25,2,car,0.3312,89,61,112,77,100,69,CAM_01,28.6139,77.209
104,3.467,7,7,truck,0.5689,146,31,170,57,158,44,CAM_01,28.6139,77.209
104,3.467,43,2,car,0.3499,162,72,177,89,169,80,CAM_01,28.6139,77.209
104,3.467,40,2,car,0.3659,1,45,18,65,9,55,CAM_01,28.6139,77.209
104,3.467,51,2,car,0.3115,139,57,153,72,146,64,CAM_01,28.6139,77.209
105,3.5,3,2,car,0.6976,161,120,201,143,181,131,CAM_01,28.6139,77.209
105,3.5,5,2,car,0.854,64,95,109,133,86,114,CAM_01,28.6139,77.209
105,3.5,6,2,car,0.7268,136,73,170,103,153,88,CAM_01,28.6139,77.209
105,3.5,9,2,car,0.4355,30,39,48,53,39,46,CAM_01,28.6139,77.209
105,3.5,11,2,car,0.7345,77,69,109,96,93,82,CAM_01,28.6139,77.209
105,3.5,19,2,car,0.7769,150,96,189,131,169,113,CAM_01,28.6139,77.209
105,3.5,23,2,car,0.3893,13,40,33,59,23,49,CAM_01,28.6139,77.209
105,3.5,7,7,truck,0.5507,146,31,170,56,158,43,CAM_01,28.6139,77.209
105,3.5,40,2,car,0.4185,1,45,18,66,9,55,CAM_01,28.6139,77.209
105,3.5,51,2,car,0.3752,139,57,153,72,146,64,CAM_01,28.6139,77.209
106,3.533,3,2,car,0.6995,161,121,201,143,181,132,CAM_01,28.6139,77.209
106,3.533,5,2,car,0.8505,64,95,109,133,86,114,CAM_01,28.6139,77.209
106,3.533,6,2,car,0.7087,136,73,170,103,153,88,CAM_01,28.6139,77.209
106,3.533,9,2,car,0.4678,30,39,49,53,39,46,CAM_01,28.6139,77.209
106,3.533,11,2,car,0.7452,77,69,109,97,93,83,CAM_01,28.6139,77.209
106,3.533,19,2,car,0.7425,150,97,189,131,169,114,CAM_01,28.6139,77.209
106,3.533,23,2,car,0.4318,13,40,33,58,23,49,CAM_01,28.6139,77.209
106,3.533,7,7,truck,0.4919,146,31,170,56,158,43,CAM_01,28.6139,77.209
106,3.533,40,2,car,0.4092,1,45,18,66,9,55,CAM_01,28.6139,77.209
106,3.533,51,2,car,0.3441,139,58,153,73,146,65,CAM_01,28.6139,77.209
107,3.567,3,2,car,0.7083,161,121,201,143,181,132,CAM_01,28.6139,77.209
107,3.567,5,2,car,0.843,63,96,109,133,86,114,CAM_01,28.6139,77.209
107,3.567,6,2,car,0.7503,136,73,170,104,153,88,CAM_01,28.6139,77.209
107,3.567,9,2,car,0.4541,30,39,49,53,39,46,CAM_01,28.6139,77.209
107,3.567,11,2,car,0.7435,77,69,109,97,93,83,CAM_01,28.6139,77.209
107,3.567,19,2,car,0.7453,150,97,190,132,170,114,CAM_01,28.6139,77.209
107,3.567,23,2,car,0.4151,14,40,33,58,23,49,CAM_01,28.6139,77.209
107,3.567,7,7,truck,0.5083,147,31,170,56,158,43,CAM_01,28.6139,77.209
107,3.567,40,2,car,0.3964,1,45,18,65,9,55,CAM_01,28.6139,77.209
107,3.567,51,2,car,0.3509,139,58,153,73,146,65,CAM_01,28.6139,77.209
108,3.6,3,2,car,0.7327,162,122,201,143,181,132,CAM_01,28.6139,77.209
108,3.6,5,2,car,0.8373,63,96,109,134,86,115,CAM_01,28.6139,77.209
108,3.6,6,2,car,0.748,136,74,170,104,153,89,CAM_01,28.6139,77.209
108,3.6,9,2,car,0.4894,31,39,49,53,40,46,CAM_01,28.6139,77.209
108,3.6,11,2,car,0.7495,77,70,109,97,93,83,CAM_01,28.6139,77.209
108,3.6,19,2,car,0.7339,150,98,190,133,170,115,CAM_01,28.6139,77.209
108,3.6,23,2,car,0.5661,14,40,33,58,23,49,CAM_01,28.6139,77.209
108,3.6,7,7,truck,0.434,147,31,170,55,158,43,CAM_01,28.6139,77.209
108,3.6,40,2,car,0.6051,1,46,18,64,9,55,CAM_01,28.6139,77.209
108,3.6,51,2,car,0.3517,139,57,153,73,146,65,CAM_01,28.6139,77.209
109,3.633,3,2,car,0.6457,162,123,201,143,181,133,CAM_01,28.6139,77.209
109,3.633,5,2,car,0.8416,62,97,109,135,85,116,CAM_01,28.6139,77.209
109,3.633,6,2,car,0.7869,136,74,170,104,153,89,CAM_01,28.6139,77.209
109,3.633,9,2,car,0.4141,31,39,49,53,40,46,CAM_01,28.6139,77.209
109,3.633,11,2,car,0.7332,76,70,109,98,92,84,CAM_01,28.6139,77.209
109,3.633,19,2,car,0.745,149,98,191,135,170,116,CAM_01,28.6139,77.209
109,3.633,23,2,car,0.4712,14,40,33,58,23,49,CAM_01,28.6139,77.209
109,3.633,7,5,bus,0.4078,147,31,169,55,158,43,CAM_01,28.6139,77.209
109,3.633,40,2,car,0.5783,2,46,18,63,10,54,CAM_01,28.6139,77.209
109,3.633,25,2,car,0.3676,88,61,113,80,100,70,CAM_01,28.6139,77.209
110,3.667,3,2,car,0.6922,162,123,201,143,181,133,CAM_01,28.6139,77.209
110,3.667,5,2,car,0.8273,62,97,109,136,85,116,CAM_01,28.6139,77.209
110,3.667,6,2,car,0.7834,136,74,170,105,153,89,CAM_01,28.6139,77.209
110,3.667,9,2,car,0.4248,31,39,49,53,40,46,CAM_01,28.6139,77.209
110,3.667,11,2,car,0.7526,76,70,109,98,92,84,CAM_01,28.6139,77.209
110,3.667,19,2,car,0.7417,149,98,192,135,170,116,CAM_01,28.6139,77.209
110,3.667,23,2,car,0.487,14,40,33,58,23,49,CAM_01,28.6139,77.209
110,3.667,7,7,truck,0.3806,147,31,169,55,158,43,CAM_01,28.6139,77.209
110,3.667,40,2,car,0.5765,2,46,18,62,10,54,CAM_01,28.6139,77.209
110,3.667,52,5,bus,0.4008,146,31,171,56,158,43,CAM_01,28.6139,77.209
110,3.667,53,2,car,0.3795,88,61,115,88,101,74,CAM_01,28.6139,77.209
110,3.667,54,2,car,0.3756,0,53,5,68,2,60,CAM_01,28.6139,77.209
110,3.667,25,2,car,0.3649,88,62,113,80,100,71,CAM_01,28.6139,77.209
110,3.667,51,2,car,0.3192,138,58,154,74,146,66,CAM_01,28.6139,77.209
111,3.7,3,2,car,0.678,163,124,201,143,182,133,CAM_01,28.6139,77.209
111,3.7,5,2,car,0.8442,62,97,109,136,85,116,CAM_01,28.6139,77.209
111,3.7,6,2,car,0.7387,136,74,170,105,153,89,CAM_01,28.6139,77.209
111,3.7,9,2,car,0.4399,32,38,49,52,40,45,CAM_01,28.6139,77.209
111,3.7,11,2,car,0.6653,76,70,108,98,92,84,CAM_01,28.6139,77.209
111,3.7,19,2,car,0.7433,149,99,192,136,170,117,CAM_01,28.6139,77.209
111,3.7,23,2,car,0.4587,14,40,33,58,23,49,CAM_01,28.6139,77.209
111,3.7,40,2,car,0.5781,2,45,19,62,10,53,CAM_01,28.6139,77.209
111,3.7,52,7,truck,0.3925,144,31,173,61,158,46,CAM_01,28.6139,77.209
111,3.7,53,2,car,0.4639,87,61,115,88,101,74,CAM_01,28.6139,77.209
111,3.7,54,2,car,0.3586,0,50,6,68,3,59,CAM_01,28.6139,77.209
111,3.7,25,2,car,0.3224,87,61,114,81,100,71,CAM_01,28.6139,77.209
111,3.7,51,2,car,0.3406,138,58,154,74,146,66,CAM_01,28.6139,77.209
112,3.733,3,2,car,0.6899,163,125,202,143,182,134,CAM_01,28.6139,77.209
112,3.733,5,2,car,0.8474,61,98,109,137,85,117,CAM_01,28.6139,77.209
112,3.733,6,2,car,0.697,136,75,171,106,153,90,CAM_01,28.6139,77.209
112,3.733,9,2,car,0.4401,32,38,49,52,40,45,CAM_01,28.6139,77.209
112,3.733,11,2,car,0.6767,76,71,108,98,92,84,CAM_01,28.6139,77.209
112,3.733,19,2,car,0.7403,149,99,192,137,170,118,CAM_01,28.6139,77.209
112,3.733,23,2,car,0.483,15,40,34,58,24,49,CAM_01,28.6139,77.209
112,3.733,40,2,car,0.5383,2,45,19,62,10,53,CAM_01,28.6139,77.209
112,3.733,52,7,truck,0.4456,143,31,175,64,159,47,CAM_01,28.6139,77.209
112,3.733,53,2,car,0.4061,87,61,115,88,101,74,CAM_01,28.6139,77.209
112,3.733,54,2,car,0.4034,0,48,6,67,3,57,CAM_01,28.6139,77.209
112,3.733,25,2,car,0.3351,87,62,114,81,100,71,CAM_01,28.6139,77.209
113,3.767,3,2,car,0.7053,164,125,202,143,183,134,CAM_01,28.6139,77.209
113,3.767,5,2,car,0.8579,61,98,109,137,85,117,CAM_01,28.6139,77.209
113,3.767,6,2,car,0.6734,136,75,171,106,153,90,CAM_01,28.6139,77.209
113,3.767,9,2,car,0.3298,32,38,49,52,40,45,CAM_01,28.6139,77.209
113,3.767,11,2,car,0.6504,76,71,108,98,92,84,CAM_01,28.6139,77.209
113,3.767,19,2,car,0.7232,148,99,192,138,170,118,CAM_01,28.6139,77.209
113,3.767,23,2,car,0.358,15,40,34,58,24,49,CAM_01,28.6139,77.209
113,3.767,40,2,car,0.5262,2,45,20,62,11,53,CAM_01,28.6139,77.209
113,3.767,52,7,truck,0.3965,143,31,175,64,159,47,CAM_01,28.6139,77.209
113,3.767,53,2,car,0.3683,87,62,115,88,101,75,CAM_01,28.6139,77.209
113,3.767,54,2,car,0.4177,0,47,7,67,3,57,CAM_01,28.6139,77.209
113,3.767,25,2,car,0.339,87,62,113,81,100,71,CAM_01,28.6139,77.209
114,3.8,3,2,car,0.6693,164,125,202,143,183,134,CAM_01,28.6139,77.209
114,3.8,5,2,car,0.8755,61,98,109,138,85,118,CAM_01,28.6139,77.209
114,3.8,6,2,car,0.7467,136,75,171,106,153,90,CAM_01,28.6139,77.209
114,3.8,9,2,car,0.4317,32,38,49,52,40,45,CAM_01,28.6139,77.209
114,3.8,11,2,car,0.7112,76,71,108,99,92,85,CAM_01,28.6139,77.209
114,3.8,19,2,car,0.7309,148,100,193,139,170,119,CAM_01,28.6139,77.209
114,3.8,23,2,car,0.4754,15,40,34,57,24,48,CAM_01,28.6139,77.209
114,3.8,40,2,car,0.4366,2,45,21,62,11,53,CAM_01,28.6139,77.209
114,3.8,54,2,car,0.3864,0,47,7,67,3,57,CAM_01,28.6139,77.209
114,3.8,25,2,car,0.3356,87,62,113,81,100,71,CAM_01,28.6139,77.209
114,3.8,7,7,truck,0.4299,145,31,173,62,159,46,CAM_01,28.6139,77.209
115,3.833,3,2,car,0.6306,164,126,203,144,183,135,CAM_01,28.6139,77.209
115,3.833,5,2,car,0.8651,60,99,108,139,84,119,CAM_01,28.6139,77.209
115,3.833,6,2,car,0.7611,136,75,171,106,153,90,CAM_01,28.6139,77.209
115,3.833,9,2,car,0.4838,33,38,50,52,41,45,CAM_01,28.6139,77.209
115,3.833,11,2,car,0.764,76,71,108,99,92,85,CAM_01,28.6139,77.209
115,3.833,19,2,car,0.7443,148,101,193,139,170,120,CAM_01,28.6139,77.209
115,3.833,23,2,car,0.5043,15,40,34,58,24,49,CAM_01,28.6139,77.209
115,3.833,40,2,car,0.5247,1,42,22,62,11,52,CAM_01,28.6139,77.209
115,3.833,54,2,car,0.5431,0,47,7,67,3,57,CAM_01,28.6139,77.209
115,3.833,25,2,car,0.3343,87,62,114,81,100,71,CAM_01,28.6139,77.209
115,3.833,7,7,truck,0.3875,145,31,173,62,159,46,CAM_01,28.6139,77.209
115,3.833,51,2,car,0.3112,138,58,154,75,146,66,CAM_01,28.6139,77.209
115,3.833,53,2,car,0.3091,87,62,115,88,101,75,CAM_01,28.6139,77.209
116,3.867,3,2,car,0.6547,165,127,202,144,183,135,CAM_01,28.6139,77.209
116,3.867,5,2,car,0.8625,60,99,108,139,84,119,CAM_01,28.6139,77.209
116,3.867,6,2,car,0.7481,136,75,171,107,153,91,CAM_01,28.6139,77.209
116,3.867,9,2,car,0.4909,33,38,50,52,41,45,CAM_01,28.6139,77.209
116,3.867,11,2,car,0.7508,76,71,108,99,92,85,CAM_01,28.6139,77.209
116,3.867,19,2,car,0.7829,148,101,193,140,170,120,CAM_01,28.6139,77.209
116,3.867,23,2,car,0.4661,15,40,34,57,24,48,CAM_01,28.6139,77.209
116,3.867,40,2,car,0.5084,0,41,23,61,11,51,CAM_01,28.6139,77.209
116,3.867,54,2,car,0.593,0,47,7,67,3,57,CAM_01,28.6139,77.209
116,3.867,25,2,car,0.3983,87,62,113,81,100,71,CAM_01,28.6139,77.209
116,3.867,7,7,truck,0.4035,145,31,173,62,159,46,CAM_01,28.6139,77.209
116,3.867,51,2,car,0.3654,139,58,154,75,146,66,CAM_01,28.6139,77.209
116,3.867,53,2,car,0.3717,87,62,115,88,101,75,CAM_01,28.6139,77.209
116,3.867,52,5,bus,0.3744,145,32,174,62,159,47,CAM_01,28.6139,77.209
117,3.9,3,2,car,0.6773,166,128,202,144,184,136,CAM_01,28.6139,77.209
117,3.9,5,2,car,0.8489,60,99,108,139,84,119,CAM_01,28.6139,77.209
117,3.9,6,2,car,0.7265,136,75,171,107,153,91,CAM_01,28.6139,77.209
117,3.9,9,2,car,0.3879,33,38,50,52,41,45,CAM_01,28.6139,77.209
117,3.9,11,2,car,0.74,75,71,109,100,92,85,CAM_01,28.6139,77.209
117,3.9,19,2,car,0.7754,148,101,194,141,171,121,CAM_01,28.6139,77.209
117,3.9,23,2,car,0.3446,16,39,34,57,25,48,CAM_01,28.6139,77.209
117,3.9,40,2,car,0.5104,1,42,22,61,11,51,CAM_01,28.6139,77.209
117,3.9,54,2,car,0.6005,0,47,7,67,3,57,CAM_01,28.6139,77.209
117,3.9,25,2,car,0.3864,88,62,113,81,100,71,CAM_01,28.6139,77.209
117,3.9,7,7,truck,0.3357,146,31,173,62,159,46,CAM_01,28.6139,77.209
117,3.9,53,2,car,0.3619,87,62,115,89,101,75,CAM_01,28.6139,77.209
117,3.9,52,5,bus,0.3051,146,32,173,60,159,46,CAM_01,28.6139,77.209
118,3.933,3,2,car,0.6238,167,129,202,143,184,136,CAM_01,28.6139,77.209
118,3.933,5,2,car,0.8422,60,100,108,140,84,120,CAM_01,28.6139,77.209
118,3.933,6,2,car,0.7301,136,76,171,107,153,91,CAM_01,28.6139,77.209
118,3.933,9,2,car,0.3449,33,38,50,52,41,45,CAM_01,28.6139,77.209
118,3.933,11,2,car,0.7131,75,71,108,100,91,85,CAM_01,28.6139,77.209
118,3.933,19,2,car,0.7209,148,102,194,142,171,122,CAM_01,28.6139,77.209
118,3.933,23,7,truck,0.3643,16,39,35,57,25,48,CAM_01,28.6139,77.209
118,3.933,40,2,car,0.4575,2,43,22,61,12,52,CAM_01,28.6139,77.209
118,3.933,54,2,car,0.584,0,47,7,67,3,57,CAM_01,28.6139,77.209
118,3.933,25,2,car,0.3015,87,62,113,81,100,71,CAM_01,28.6139,77.209
118,3.933,7,7,truck,0.3059,146,32,173,62,159,47,CAM_01,28.6139,77.209
118,3.933,52,7,truck,0.3565,148,32,170,55,159,43,CAM_01,28.6139,77.209
119,3.967,3,2,car,0.6587,167,129,202,143,184,136,CAM_01,28.6139,77.209
119,3.967,5,2,car,0.8308,60,100,108,141,84,120,CAM_01,28.6139,77.209
119,3.967,6,2,car,0.7219,136,76,171,107,153,91,CAM_01,28.6139,77.209
119,3.967,9,2,car,0.4808,33,38,50,51,41,44,CAM_01,28.6139,77.209
119,3.967,11,2,car,0.7316,75,72,108,101,91,86,CAM_01,28.6139,77.209
119,3.967,19,2,car,0.731,148,102,194,142,171,122,CAM_01,28.6139,77.209
119,3.967,23,2,car,0.4563,16,39,35,57,25,48,CAM_01,28.6139,77.209
119,3.967,40,2,car,0.5154,0,41,23,61,11,51,CAM_01,28.6139,77.209
119,3.967,54,2,car,0.7053,0,47,7,66,3,56,CAM_01,28.6139,77.209
119,3.967,25,2,car,0.3233,88,63,113,81,100,72,CAM_01,28.6139,77.209
119,3.967,7,7,truck,0.4888,145,32,174,64,159,48,CAM_01,28.6139,77.209
119,3.967,53,2,car,0.3065,87,63,114,89,100,76,CAM_01,28.6139,77.209
120,4.0,3,2,car,0.6275,169,130,203,143,186,136,CAM_01,28.6139,77.209
120,4.0,5,2,car,0.8296,59,101,108,141,83,121,CAM_01,28.6139,77.209
120,4.0,6,2,car,0.7474,136,77,171,108,153,92,CAM_01,28.6139,77.209
120,4.0,9,2,car,0.457,33,38,50,51,41,44,CAM_01,28.6139,77.209
120,4.0,11,2,car,0.7719,75,72,107,101,91,86,CAM_01,28.6139,77.209
120,4.0,19,2,car,0.7496,148,103,193,142,170,122,CAM_01,28.6139,77.209
120,4.0,23,2,car,0.4473,16,39,35,57,25,48,CAM_01,28.6139,77.209
120,4.0,40,2,car,0.4853,2,42,23,61,12,51,CAM_01,28.6139,77.209
120,4.0,54,2,car,0.662,0,47,8,66,4,56,CAM_01,28.6139,77.209
120,4.0,7,7,truck,0.5001,145,32,174,64,159,48,CAM_01,28.6139,77.209
120,4.0,57,2,car,0.3375,96,41,117,59,106,50,CAM_01,28.6139,77.209
120,4.0,53,2,car,0.3179,87,63,114,89,100,76,CAM_01,28.6139,77.209
121,4.033,3,2,car,0.5484,169,131,202,143,185,137,CAM_01,28.6139,77.209
121,4.033,5,2,car,0.8346,59,102,108,142,83,122,CAM_01,28.6139,77.209
121,4.033,6,2,car,0.7209,136,77,171,108,153,92,CAM_01,28.6139,77.209
121,4.033,9,2,car,0.3933,33,38,50,52,41,45,CAM_01,28.6139,77.209
121,4.033,11,2,car,0.7829,75,72,107,101,91,86,CAM_01,28.6139,77.209
121,4.033,19,2,car,0.71,149,103,193,142,171,122,CAM_01,28.6139,77.209
121,4.033,23,2,car,0.3551,17,39,35,57,26,48,CAM_01,28.6139,77.209
121,4.033,40,2,car,0.3923,3,43,23,61,13,52,CAM_01,28.6139,77.209
121,4.033,54,2,car,0.6606,0,48,8,66,4,57,CAM_01,28.6139,77.209
121,4.033,7,7,truck,0.4262,145,32,174,65,159,48,CAM_01,28.6139,77.209
121,4.033,57,2,car,0.3299,96,41,117,59,106,50,CAM_01,28.6139,77.209
121,4.033,53,2,car,0.3771,87,63,114,89,100,76,CAM_01,28.6139,77.209
122,4.067,3,2,car,0.5627,170,131,203,143,186,137,CAM_01,28.6139,77.209
122,4.067,5,2,car,0.8243,59,102,108,142,83,122,CAM_01,28.6139,77.209
122,4.067,6,2,car,0.7577,136,77,171,108,153,92,CAM_01,28.6139,77.209
122,4.067,9,2,car,0.4037,33,38,50,51,41,44,CAM_01,28.6139,77.209
122,4.067,11,2,car,0.7887,74,72,107,101,90,86,CAM_01,28.6139,77.209
122,4.067,19,2,car,0.7238,149,104,193,142,171,123,CAM_01,28.6139,77.209
122,4.067,23,2,car,0.355,17,39,36,57,26,48,CAM_01,28.6139,77.209
122,4.067,40,2,car,0.4763,4,43,24,61,14,52,CAM_01,28.6139,77.209
122,4.067,54,2,car,0.6889,1,48,8,66,4,57,CAM_01,28.6139,77.209
122,4.067,7,7,truck,0.4642,145,32,174,65,159,48,CAM_01,28.6139,77.209
122,4.067,57,2,car,0.329,96,41,117,59,106,50,CAM_01,28.6139,77.209
122,4.067,53,2,car,0.3964,87,63,114,89,100,76,CAM_01,28.6139,77.209
123,4.1,3,2,car,0.4946,171,132,202,143,186,137,CAM_01,28.6139,77.209
123,4.1,5,2,car,0.8226,59,103,108,143,83,123,CAM_01,28.6139,77.209
123,4.1,6,2,car,0.7696,136,77,172,109,154,93,CAM_01,28.6139,77.209
123,4.1,9,2,car,0.4754,34,38,50,51,42,44,CAM_01,28.6139,77.209
123,4.1,11,2,car,0.7625,74,73,107,101,90,87,CAM_01,28.6139,77.209
123,4.1,19,2,car,0.7311,149,104,194,142,171,123,CAM_01,28.6139,77.209
123,4.1,23,2,car,0.436,17,39,36,57,26,48,CAM_01,28.6139,77.209
123,4.1,40,2,car,0.4835,3,43,24,61,13,52,CAM_01,28.6139,77.209
123,4.1,54,2,car,0.7378,1,47,8,66,4,56,CAM_01,28.6139,77.209
123,4.1,7,7,truck,0.5482,146,32,174,65,160,48,CAM_01,28.6139,77.209
123,4.1,57,2,car,0.3915,96,41,117,59,106,50,CAM_01,28.6139,77.209
123,4.1,53,2,car,0.3762,87,63,114,89,100,76,CAM_01,28.6139,77.209
123,4.1,59,2,car,0.3751,0,39,25,60,12,49,CAM_01,28.6139,77.209
123,4.1,25,2,car,0.3047,87,63,112,82,99,72,CAM_01,28.6139,77.209
124,4.133,3,2,car,0.5178,171,133,202,143,186,138,CAM_01,28.6139,77.209
124,4.133,5,2,car,0.8399,58,103,107,143,82,123,CAM_01,28.6139,77.209
124,4.133,6,2,car,0.8299,136,77,172,109,154,93,CAM_01,28.6139,77.209
124,4.133,9,2,car,0.4235,34,38,50,51,42,44,CAM_01,28.6139,77.209
124,4.133,11,2,car,0.7948,75,73,107,101,91,87,CAM_01,28.6139,77.209
124,4.133,19,2,car,0.7563,150,104,194,143,172,123,CAM_01,28.6139,77.209
124,4.133,23,2,car,0.4591,18,39,36,57,27,48,CAM_01,28.6139,77.209
124,4.133,54,2,car,0.6943,1,47,9,65,5,56,CAM_01,28.6139,77.209
124,4.133,7,7,truck,0.5614,146,32,174,65,160,48,CAM_01,28.6139,77.209
124,4.133,57,2,car,0.4018,96,41,117,59,106,50,CAM_01,28.6139,77.209
124,4.133,53,2,car,0.4109,87,63,114,89,100,76,CAM_01,28.6139,77.209
124,4.133,59,2,car,0.5234,0,39,25,60,12,49,CAM_01,28.6139,77.209
125,4.167,3,2,car,0.4576,172,133,202,143,187,138,CAM_01,28.6139,77.209
125,4.167,5,2,car,0.8249,58,104,107,143,82,123,CAM_01,28.6139,77.209
125,4.167,6,2,car,0.8125,136,77,172,109,154,93,CAM_01,28.6139,77.209
125,4.167,9,2,car,0.4142,34,38,50,51,42,44,CAM_01,28.6139,77.209
125,4.167,11,2,car,0.7631,75,73,107,101,91,87,CAM_01,28.6139,77.209
125,4.167,19,2,car,0.7127,150,105,195,143,172,124,CAM_01,28.6139,77.209
125,4.167,23,2,car,0.4254,18,39,36,57,27,48,CAM_01,28.6139,77.209
125,4.167,54,2,car,0.7008,1,47,9,65,5,56,CAM_01,28.6139,77.209
125,4.167,7,7,truck,0.532,146,32,173,65,159,48,CAM_01,28.6139,77.209
125,4.167,57,2,car,0.4261,96,41,117,59,106,50,CAM_01,28.6139,77.209
125,4.167,53,2,car,0.3537,87,63,114,90,100,76,CAM_01,28.6139,77.209
125,4.167,59,2,car,0.5293,0,39,25,60,12,49,CAM_01,28.6139,77.209
125,4.167,25,2,car,0.3415,87,63,113,83,100,73,CAM_01,28.6139,77.209
126,4.2,3,2,car,0.4392,173,134,202,143,187,138,CAM_01,28.6139,77.209
126,4.2,5,2,car,0.8228,58,104,107,144,82,124,CAM_01,28.6139,77.209
126,4.2,6,2,car,0.8106,136,78,172,110,154,94,CAM_01,28.6139,77.209
126,4.2,9,2,car,0.366,34,38,50,51,42,44,CAM_01,28.6139,77.209
126,4.2,11,2,car,0.7598,74,73,107,101,90,87,CAM_01,28.6139,77.209
126,4.2,19,2,car,0.7692,150,105,194,143,172,124,CAM_01,28.6139,77.209
126,4.2,23,2,car,0.3782,19,39,37,57,28,48,CAM_01,28.6139,77.209
126,4.2,54,2,car,0.6957,1,47,9,65,5,56,CAM_01,28.6139,77.209
126,4.2,7,7,truck,0.6183,146,32,174,65,160,48,CAM_01,28.6139,77.209
126,4.2,57,2,car,0.3818,96,41,117,59,106,50,CAM_01,28.6139,77.209
126,4.2,53,2,car,0.4359,87,64,114,90,100,77,CAM_01,28.6139,77.209
126,4.2,59,2,car,0.4335,0,39,25,60,12,49,CAM_01,28.6139,77.209
126,4.2,25,2,car,0.3135,87,64,113,83,100,73,CAM_01,28.6139,77.209
127,4.233,3,2,car,0.3433,175,136,201,143,188,139,CAM_01,28.6139,77.209
127,4.233,5,2,car,0.8307,58,105,106,144,82,124,CAM_01,28.6139,77.209
127,4.233,6,2,car,0.8321,137,78,172,110,154,94,CAM_01,28.6139,77.209
127,4.233,9,2,car,0.4463,35,38,51,50,43,44,CAM_01,28.6139,77.209
127,4.233,11,2,car,0.8187,74,73,107,101,90,87,CAM_01,28.6139,77.209
127,4.233,19,2,car,0.7843,150,106,194,143,172,124,CAM_01,28.6139,77.209
127,4.233,23,2,car,0.4008,19,39,37,57,28,48,CAM_01,28.6139,77.209
127,4.233,54,2,car,0.6855,1,47,9,65,5,56,CAM_01,28.6139,77.209
127,4.233,7,7,truck,0.6069,146,32,174,65,160,48,CAM_01,28.6139,77.209
127,4.233,57,2,car,0.302,96,41,117,59,106,50,CAM_01,28.6139,77.209
127,4.233,53,2,car,0.5663,87,64,114,90,100,77,CAM_01,28.6139,77.209
127,4.233,59,2,car,0.3386,0,39,25,59,12,49,CAM_01,28.6139,77.209
127,4.233,40,2,car,0.4823,4,42,25,60,14,51,CAM_01,28.6139,77.209
128,4.267,5,2,car,0.8651,58,105,106,144,82,124,CAM_01,28.6139,77.209
128,4.267,6,2,car,0.8315,136,79,172,110,154,94,CAM_01,28.6139,77.209
128,4.267,9,2,car,0.3731,35,38,52,51,43,44,CAM_01,28.6139,77.209
128,4.267,11,2,car,0.7934,74,73,107,101,90,87,CAM_01,28.6139,77.209
128,4.267,19,2,car,0.8012,150,106,194,143,172,124,CAM_01,28.6139,77.209
128,4.267,23,2,car,0.4928,19,39,37,56,28,47,CAM_01,28.6139,77.209
128,4.267,54,2,car,0.6691,1,47,9,65,5,56,CAM_01,28.6139,77.209
128,4.267,7,7,truck,0.538,147,32,173,64,160,48,CAM_01,28.6139,77.209
128,4.267,53,2,car,0.5117,87,64,114,91,100,77,CAM_01,28.6139,77.209
128,4.267,59,2,car,0.3335,0,39,25,59,12,49,CAM_01,28.6139,77.209
128,4.267,40,2,car,0.486,4,42,26,60,15,51,CAM_01,28.6139,77.209
129,4.3,5,2,car,0.8609,58,106,106,143,82,124,CAM_01,28.6139,77.209
129,4.3,6,2,car,0.8184,136,79,172,110,154,94,CAM_01,28.6139,77.209
129,4.3,9,2,car,0.3646,35,38,52,51,43,44,CAM_01,28.6139,77.209
129,4.3,11,2,car,0.7403,74,73,107,102,90,87,CAM_01,28.6139,77.209
129,4.3,19,2,car,0.7361,150,107,194,143,172,125,CAM_01,28.6139,77.209
129,4.3,23,2,car,0.395,20,39,37,56,28,47,CAM_01,28.6139,77.209
129,4.3,54,2,car,0.6802,1,47,10,65,5,56,CAM_01,28.6139,77.209
129,4.3,7,7,truck,0.5338,148,32,172,61,160,46,CAM_01,28.6139,77.209
129,4.3,53,2,car,0.4903,87,64,114,91,100,77,CAM_01,28.6139,77.209
129,4.3,40,2,car,0.4689,5,42,27,60,16,51,CAM_01,28.6139,77.209
130,4.333,5,2,car,0.8559,58,106,105,143,81,124,CAM_01,28.6139,77.209
130,4.333,6,2,car,0.8025,136,79,172,111,154,95,CAM_01,28.6139,77.209
130,4.333,9,2,car,0.3333,35,38,52,51,43,44,CAM_01,28.6139,77.209
130,4.333,11,2,car,0.6501,74,73,107,102,90,87,CAM_01,28.6139,77.209
130,4.333,19,2,car,0.7381,151,107,194,143,172,125,CAM_01,28.6139,77.209
130,4.333,23,2,car,0.3902,20,39,37,56,28,47,CAM_01,28.6139,77.209
130,4.333,54,2,car,0.6878,1,47,10,64,5,55,CAM_01,28.6139,77.209
130,4.333,7,7,truck,0.522,148,32,172,60,160,46,CAM_01,28.6139,77.209
130,4.333,53,2,car,0.3159,88,66,113,91,100,78,CAM_01,28.6139,77.209
130,4.333,40,2,car,0.425,6,42,27,60,16,51,CAM_01,28.6139,77.209
130,4.333,25,2,car,0.3008,86,64,114,86,100,75,CAM_01,28.6139,77.209
131,4.367,5,2,car,0.852,57,106,105,143,81,124,CAM_01,28.6139,77.209
131,4.367,6,2,car,0.8064,136,79,172,111,154,95,CAM_01,28.6139,77.209
131,4.367,11,2,car,0.6775,73,74,107,103,90,88,CAM_01,28.6139,77.209
131,4.367,19,2,car,0.7488,151,108,194,143,172,125,CAM_01,28.6139,77.209
131,4.367,23,2,car,0.3826,20,39,37,56,28,47,CAM_01,28.6139,77.209
131,4.367,54,2,car,0.7235,1,47,10,64,5,55,CAM_01,28.6139,77.209
131,4.367,7,7,truck,0.4703,147,32,173,63,160,47,CAM_01,28.6139,77.209
131,4.367,53,2,car,0.348,88,67,113,91,100,79,CAM_01,28.6139,77.209
131,4.367,40,2,car,0.52,6,42,27,59,16,50,CAM_01,28.6139,77.209
131,4.367,63,2,car,0.5823,73,81,107,107,90,94,CAM_01,28.6139,77.209
131,4.367,25,2,car,0.3102,86,65,113,86,99,75,CAM_01,28.6139,77.209
132,4.4,5,2,car,0.8592,57,107,104,144,80,125,CAM_01,28.6139,77.209
132,4.4,6,2,car,0.7795,137,80,172,111,154,95,CAM_01,28.6139,77.209
132,4.4,11,2,car,0.7131,73,74,107,103,90,88,CAM_01,28.6139,77.209
132,4.4,19,2,car,0.7871,151,108,195,143,173,125,CAM_01,28.6139,77.209
132,4.4,23,2,car,0.4075,20,39,37,56,28,47,CAM_01,28.6139,77.209
132,4.4,54,2,car,0.7184,1,47,11,64,6,55,CAM_01,28.6139,77.209
132,4.4,7,7,truck,0.5079,147,32,174,64,160,48,CAM_01,28.6139,77.209
132,4.4,53,2,car,0.3829,87,67,113,91,100,79,CAM_01,28.6139,77.209
132,4.4,40,2,car,0.4878,7,42,27,59,17,50,CAM_01,28.6139,77.209
132,4.4,63,2,car,0.4213,72,81,107,107,89,94,CAM_01,28.6139,77.209
132,4.4,25,2,car,0.3049,86,65,113,86,99,75,CAM_01,28.6139,77.209
132,4.4,9,2,car,0.3009,35,38,51,50,43,44,CAM_01,28.6139,77.209
133,4.433,5,2,car,0.8331,57,108,104,144,80,126,CAM_01,28.6139,77.209
133,4.433,6,2,car,0.7664,137,80,173,112,155,96,CAM_01,28.6139,77.209
133,4.433,11,2,car,0.7347,73,74,107,104,90,89,CAM_01,28.6139,77.209
133,4.433,19,2,car,0.711,151,109,195,143,173,126,CAM_01,28.6139,77.209
133,4.433,23,2,car,0.3781,21,39,38,56,29,47,CAM_01,28.6139,77.209
133,4.433,54,2,car,0.7284,1,47,11,64,6,55,CAM_01,28.6139,77.209
133,4.433,7,7,truck,0.4799,147,32,174,65,160,48,CAM_01,28.6139,77.209
133,4.433,53,2,car,0.4234,87,66,113,92,100,79,CAM_01,28.6139,77.209
133,4.433,40,2,car,0.6269,8,42,27,59,17,50,CAM_01,28.6139,77.209
134,4.467,5,2,car,0.8572,57,108,104,143,80,125,CAM_01,28.6139,77.209
134,4.467,6,2,car,0.7655,137,80,173,112,155,96,CAM_01,28.6139,77.209
134,4.467,11,2,car,0.8174,73,74,107,104,90,89,CAM_01,28.6139,77.209
134,4.467,19,2,car,0.6751,152,109,195,143,173,126,CAM_01,28.6139,77.209
134,4.467,23,2,car,0.3328,21,39,38,56,29,47,CAM_01,28.6139,77.209
134,4.467,54,2,car,0.717,1,47,11,64,6,55,CAM_01,28.6139,77.209
134,4.467,7,7,truck,0.4758,147,32,174,65,160,48,CAM_01,28.6139,77.209
134,4.467,53,2,car,0.4601,87,66,113,92,100,79,CAM_01,28.6139,77.209
134,4.467,40,2,car,0.5895,8,42,27,59,17,50,CAM_01,28.6139,77.209
134,4.467,64,2,car,0.3282,150,68,180,94,165,81,CAM_01,28.6139,77.209
135,4.5,5,2,car,0.8067,57,109,104,143,80,126,CAM_01,28.6139,77.209
135,4.5,6,2,car,0.7799,137,80,173,113,155,96,CAM_01,28.6139,77.209
135,4.5,11,2,car,0.8481,73,74,107,104,90,89,CAM_01,28.6139,77.209
135,4.5,19,2,car,0.7463,152,109,195,143,173,126,CAM_01,28.6139,77.209
135,4.5,23,2,car,0.3528,21,39,38,56,29,47,CAM_01,28.6139,77.209
135,4.5,54,2,car,0.716,1,46,12,64,6,55,CAM_01,28.6139,77.209
135,4.5,7,7,truck,0.4292,147,32,174,65,160,48,CAM_01,28.6139,77.209
135,4.5,53,2,car,0.3697,87,67,113,92,100,79,CAM_01,28.6139,77.209
135,4.5,40,2,car,0.6475,8,42,28,59,18,50,CAM_01,28.6139,77.209
135,4.5,64,2,car,0.338,152,71,179,94,165,82,CAM_01,28.6139,77.209
135,4.5,25,2,car,0.3411,86,65,112,85,99,75,CAM_01,28.6139,77.209
136,4.533,5,2,car,0.7115,57,109,104,143,80,126,CAM_01,28.6139,77.209
136,4.533,6,2,car,0.8211,136,81,173,113,154,97,CAM_01,28.6139,77.209
136,4.533,11,2,car,0.8577,73,74,107,104,90,89,CAM_01,28.6139,77.209
136,4.533,19,2,car,0.7479,152,110,195,143,173,126,CAM_01,28.6139,77.209
136,4.533,23,2,car,0.3008,21,39,38,56,29,47,CAM_01,28.6139,77.209
136,4.533,54,2,car,0.7189,1,46,12,64,6,55,CAM_01,28.6139,77.209
136,4.533,7,7,truck,0.375,147,32,174,65,160,48,CAM_01,28.6139,77.209
136,4.533,53,2,car,0.3855,87,67,113,92,100,79,CAM_01,28.6139,77.209
136,4.533,40,2,car,0.6323,9,42,28,59,18,50,CAM_01,28.6139,77.209
136,4.533,64,2,car,0.4437,151,70,179,95,165,82,CAM_01,28.6139,77.209
136,4.533,65,5,bus,0.3416,147,32,173,65,160,48,CAM_01,28.6139,77.209
136,4.533,25,2,car,0.3679,86,66,111,85,98,75,CAM_01,28.6139,77.209
137,4.567,5,2,car,0.7454,57,110,103,143,80,126,CAM_01,28.6139,77.209
137,4.567,6,2,car,0.8176,136,81,173,113,154,97,CAM_01,28.6139,77.209
137,4.567,11,2,car,0.8534,73,74,106,104,89,89,CAM_01,28.6139,77.209
137,4.567,19,2,car,0.7696,153,111,196,143,174,127,CAM_01,28.6139,77.209
137,4.567,23,2,car,0.3005,21,39,38,55,29,47,CAM_01,28.6139,77.209
137,4.567,54,2,car,0.7107,1,46,12,63,6,54,CAM_01,28.6139,77.209
137,4.567,53,2,car,0.4561,87,66,114,92,100,79,CAM_01,28.6139,77.209
137,4.567,40,2,car,0.6254,9,42,28,59,18,50,CAM_01,28.6139,77.209
137,4.567,64,2,car,0.4571,150,70,179,95,164,82,CAM_01,28.6139,77.209
137,4.567,25,2,car,0.3597,87,66,111,84,99,75,CAM_01,28.6139,77.209
137,4.567,66,2,car,0.3092,87,65,110,75,98,70,CAM_01,28.6139,77.209
137,4.567,57,2,car,0.3167,95,41,118,60,106,50,CAM_01,28.6139,77.209
138,4.6,5,2,car,0.7192,56,111,102,144,79,127,CAM_01,28.6139,77.209
138,4.6,6,2,car,0.8302,136,81,173,114,154,97,CAM_01,28.6139,77.209
138,4.6,11,2,car,0.8618,72,75,107,104,89,89,CAM_01,28.6139,77.209
138,4.6,19,2,car,0.7808,153,111,196,143,174,127,CAM_01,28.6139,77.209
138,4.6,54,2,car,0.6665,1,46,12,63,6,54,CAM_01,28.6139,77.209
138,4.6,53,2,car,0.562,86,66,114,93,100,79,CAM_01,28.6139,77.209
138,4.6,40,2,car,0.6339,9,42,29,59,19,50,CAM_01,28.6139,77.209
138,4.6,64,2,car,0.5288,150,70,180,95,165,82,CAM_01,28.6139,77.209
138,4.6,25,2,car,0.3239,87,66,110,84,98,75,CAM_01,28.6139,77.209
138,4.6,66,2,car,0.3089,84,66,112,78,98,72,CAM_01,28.6139,77.209
138,4.6,57,2,car,0.3405,95,41,118,60,106,50,CAM_01,28.6139,77.209
138,4.6,7,7,truck,0.3704,147,32,174,66,160,49,CAM_01,28.6139,77.209
139,4.633,5,2,car,0.7205,56,111,102,143,79,127,CAM_01,28.6139,77.209
139,4.633,6,2,car,0.8252,137,82,173,114,155,98,CAM_01,28.6139,77.209
139,4.633,11,2,car,0.86,72,75,107,105,89,90,CAM_01,28.6139,77.209
139,4.633,19,2,car,0.7783,153,112,196,143,174,127,CAM_01,28.6139,77.209
139,4.633,54,2,car,0.5894,1,46,13,63,7,54,CAM_01,28.6139,77.209
139,4.633,53,2,car,0.4749,86,66,114,93,100,79,CAM_01,28.6139,77.209
139,4.633,40,2,car,0.5782,9,42,29,59,19,50,CAM_01,28.6139,77.209
139,4.633,64,2,car,0.4233,153,76,177,96,165,86,CAM_01,28.6139,77.209
139,4.633,66,2,car,0.358,83,66,114,80,98,73,CAM_01,28.6139,77.209
139,4.633,57,2,car,0.3312,95,41,118,61,106,51,CAM_01,28.6139,77.209
139,4.633,7,5,bus,0.569,147,32,174,67,160,49,CAM_01,28.6139,77.209
140,4.667,5,2,car,0.7395,56,112,102,143,79,127,CAM_01,28.6139,77.209
140,4.667,6,2,car,0.8186,137,82,174,114,155,98,CAM_01,28.6139,77.209
140,4.667,11,2,car,0.8627,72,75,106,105,89,90,CAM_01,28.6139,77.209
140,4.667,19,2,car,0.7897,153,112,196,143,174,127,CAM_01,28.6139,77.209
140,4.667,54,2,car,0.6751,1,46,13,63,7,54,CAM_01,28.6139,77.209
140,4.667,53,2,car,0.5752,86,66,114,93,100,79,CAM_01,28.6139,77.209
140,4.667,40,2,car,0.6191,10,42,30,59,20,50,CAM_01,28.6139,77.209
140,4.667,64,2,car,0.4589,151,71,180,96,165,83,CAM_01,28.6139,77.209
140,4.667,57,2,car,0.3517,95,41,118,61,106,51,CAM_01,28.6139,77.209
140,4.667,7,5,bus,0.5878,147,33,174,67,160,50,CAM_01,28.6139,77.209
140,4.667,68,7,truck,0.3107,148,32,173,66,160,49,CAM_01,28.6139,77.209
140,4.667,23,2,car,0.3038,22,39,39,55,30,47,CAM_01,28.6139,77.209
140,4.667,25,2,car,0.3074,87,66,110,84,98,75,CAM_01,28.6139,77.209
141,4.7,5,2,car,0.6613,56,112,102,143,79,127,CAM_01,28.6139,77.209
141,4.7,6,2,car,0.8292,136,82,174,114,155,98,CAM_01,28.6139,77.209
141,4.7,11,2,car,0.8686,71,75,106,105,88,90,CAM_01,28.6139,77.209
141,4.7,19,2,car,0.7641,153,113,196,143,174,128,CAM_01,28.6139,77.209
141,4.7,54,2,car,0.7311,1,46,14,63,7,54,CAM_01,28.6139,77.209
141,4.7,53,2,car,0.4909,86,66,114,93,100,79,CAM_01,28.6139,77.209
141,4.7,40,2,car,0.6626,11,42,30,58,20,50,CAM_01,28.6139,77.209
141,4.7,64,2,car,0.6056,151,71,181,96,166,83,CAM_01,28.6139,77.209
141,4.7,57,2,car,0.3262,94,41,118,61,106,51,CAM_01,28.6139,77.209
141,4.7,7,5,bus,0.5775,147,33,174,67,160,50,CAM_01,28.6139,77.209
141,4.7,23,2,car,0.3235,23,39,39,55,31,47,CAM_01,28.6139,77.209
141,4.7,25,2,car,0.3309,88,66,108,81,98,73,CAM_01,28.6139,77.209
142,4.733,5,2,car,0.7588,56,113,101,143,78,128,CAM_01,28.6139,77.209
142,4.733,6,2,car,0.8382,136,82,174,115,155,98,CAM_01,28.6139,77.209
142,4.733,11,2,car,0.8712,71,75,106,105,88,90,CAM_01,28.6139,77.209
142,4.733,19,2,car,0.7895,153,114,196,143,174,128,CAM_01,28.6139,77.209
142,4.733,54,2,car,0.7407,1,45,14,63,7,54,CAM_01,28.6139,77.209
142,4.733,53,2,car,0.5072,86,67,113,93,99,80,CAM_01,28.6139,77.209
142,4.733,40,2,car,0.5534,11,43,30,58,20,50,CAM_01,28.6139,77.209
142,4.733,64,2,car,0.6321,150,70,181,96,165,83,CAM_01,28.6139,77.209
142,4.733,57,2,car,0.3588,94,41,117,62,105,51,CAM_01,28.6139,77.209
142,4.733,7,5,bus,0.583,147,33,174,67,160,50,CAM_01,28.6139,77.209
143,4.767,5,2,car,0.7448,56,114,102,143,79,128,CAM_01,28.6139,77.209
143,4.767,6,2,car,0.8278,136,82,174,115,155,98,CAM_01,28.6139,77.209
143,4.767,11,2,car,0.8052,71,75,106,106,88,90,CAM_01,28.6139,77.209
143,4.767,19,2,car,0.7729,153,114,196,143,174,128,CAM_01,28.6139,77.209
143,4.767,54,2,car,0.7526,1,45,14,63,7,54,CAM_01,28.6139,77.209
143,4.767,53,2,car,0.3384,86,67,113,93,99,80,CAM_01,28.6139,77.209
143,4.767,40,2,car,0.4906,12,43,30,58,21,50,CAM_01,28.6139,77.209
143,4.767,64,2,car,0.5791,151,70,181,96,166,83,CAM_01,28.6139,77.209
143,4.767,57,2,car,0.3237,94,41,117,61,105,51,CAM_01,28.6139,77.209
143,4.767,7,5,bus,0.5553,147,33,174,67,160,50,CAM_01,28.6139,77.209
144,4.8,5,2,car,0.7415,55,114,101,143,78,128,CAM_01,28.6139,77.209
144,4.8,6,2,car,0.8413,136,82,174,116,155,99,CAM_01,28.6139,77.209
144,4.8,11,2,car,0.8107,71,76,106,106,88,91,CAM_01,28.6139,77.209
144,4.8,19,2,car,0.8266,153,114,197,143,175,128,CAM_01,28.6139,77.209
144,4.8,54,2,car,0.6977,1,45,15,62,8,53,CAM_01,28.6139,77.209
144,4.8,40,2,car,0.5197,12,43,30,58,21,50,CAM_01,28.6139,77.209
144,4.8,64,2,car,0.6047,151,71,181,96,166,83,CAM_01,28.6139,77.209
144,4.8,57,2,car,0.3522,94,41,117,61,105,51,CAM_01,28.6139,77.209
144,4.8,7,5,bus,0.4884,147,33,174,67,160,50,CAM_01,28.6139,77.209
145,4.833,5,2,car,0.7627,53,115,100,144,76,129,CAM_01,28.6139,77.209
145,4.833,6,2,car,0.8317,137,82,175,116,156,99,CAM_01,28.6139,77.209
145,4.833,11,2,car,0.8493,71,76,106,106,88,91,CAM_01,28.6139,77.209
145,4.833,19,2,car,0.7928,153,115,196,143,174,129,CAM_01,28.6139,77.209
145,4.833,54,2,car,0.6565,1,45,15,62,8,53,CAM_01,28.6139,77.209
145,4.833,40,2,car,0.6248,12,43,31,58,21,50,CAM_01,28.6139,77.209
145,4.833,64,2,car,0.584,151,71,181,96,166,83,CAM_01,28.6139,77.209
145,4.833,57,2,car,0.342,94,41,117,61,105,51,CAM_01,28.6139,77.209
145,4.833,7,5,bus,0.4007,146,33,174,67,160,50,CAM_01,28.6139,77.209
146,4.867,5,2,car,0.7794,54,115,100,143,77,129,CAM_01,28.6139,77.209
146,4.867,6,2,car,0.8372,137,83,175,116,156,99,CAM_01,28.6139,77.209
146,4.867,11,2,car,0.8679,71,76,106,107,88,91,CAM_01,28.6139,77.209
146,4.867,19,2,car,0.7961,153,116,196,143,174,129,CAM_01,28.6139,77.209
146,4.867,54,2,car,0.6602,1,45,15,62,8,53,CAM_01,28.6139,77.209
146,4.867,40,2,car,0.5949,13,43,31,58,22,50,CAM_01,28.6139,77.209
146,4.867,64,2,car,0.5808,150,71,181,96,165,83,CAM_01,28.6139,77.209
146,4.867,57,2,car,0.3189,94,41,117,61,105,51,CAM_01,28.6139,77.209
146,4.867,7,7,truck,0.3463,147,33,174,66,160,49,CAM_01,28.6139,77.209
146,4.867,73,2,car,0.3502,84,54,110,66,97,60,CAM_01,28.6139,77.209
146,4.867,53,2,car,0.3118,85,67,111,92,98,79,CAM_01,28.6139,77.209
147,4.9,5,2,car,0.8182,53,116,100,143,76,129,CAM_01,28.6139,77.209
147,4.9,6,2,car,0.8382,137,83,175,117,156,100,CAM_01,28.6139,77.209
147,4.9,11,2,car,0.8689,71,76,106,107,88,91,CAM_01,28.6139,77.209
147,4.9,19,2,car,0.821,153,116,196,143,174,129,CAM_01,28.6139,77.209
147,4.9,54,2,car,0.6834,1,45,16,62,8,53,CAM_01,28.6139,77.209
147,4.9,40,2,car,0.5938,13,42,31,58,22,50,CAM_01,28.6139,77.209
147,4.9,64,2,car,0.6225,151,71,181,97,166,84,CAM_01,28.6139,77.209
147,4.9,57,2,car,0.3368,94,41,117,61,105,51,CAM_01,28.6139,77.209
147,4.9,7,7,truck,0.4881,149,33,172,61,160,47,CAM_01,28.6139,77.209
147,4.9,73,2,car,0.3532,83,54,110,67,96,60,CAM_01,28.6139,77.209
147,4.9,53,2,car,0.3091,85,67,112,93,98,80,CAM_01,28.6139,77.209
148,4.933,5,2,car,0.8168,54,117,100,143,77,130,CAM_01,28.6139,77.209
148,4.933,6,2,car,0.8411,137,83,175,117,156,100,CAM_01,28.6139,77.209
148,4.933,11,2,car,0.8645,70,77,106,107,88,92,CAM_01,28.6139,77.209
148,4.933,19,2,car,0.8572,153,117,197,143,175,130,CAM_01,28.6139,77.209
148,4.933,54,2,car,0.6006,1,45,16,62,8,53,CAM_01,28.6139,77.209
148,4.933,40,2,car,0.6296,13,42,32,58,22,50,CAM_01,28.6139,77.209
148,4.933,64,2,car,0.4288,151,71,181,97,166,84,CAM_01,28.6139,77.209
148,4.933,57,2,car,0.3161,94,42,117,61,105,51,CAM_01,28.6139,77.209
148,4.933,7,7,truck,0.4972,149,33,172,59,160,46,CAM_01,28.6139,77.209
148,4.933,73,2,car,0.3641,81,54,112,69,96,61,CAM_01,28.6139,77.209
148,4.933,53,2,car,0.3034,85,67,111,93,98,80,CAM_01,28.6139,77.209
149,4.967,5,2,car,0.8153,54,117,101,144,77,130,CAM_01,28.6139,77.209
149,4.967,6,2,car,0.8568,137,84,175,118,156,101,CAM_01,28.6139,77.209
149,4.967,11,2,car,0.8638,70,77,105,107,87,92,CAM_01,28.6139,77.209
149,4.967,19,2,car,0.8484,153,117,197,143,175,130,CAM_01,28.6139,77.209
149,4.967,54,2,car,0.6107,1,45,16,62,8,53,CAM_01,28.6139,77.209
149,4.967,40,2,car,0.6005,13,42,32,58,22,50,CAM_01,28.6139,77.209
149,4.967,64,2,car,0.6185,151,71,181,97,166,84,CAM_01,28.6139,77.209
149,4.967,57,2,car,0.36,94,42,116,62,105,52,CAM_01,28.6139,77.209
149,4.967,7,5,bus,0.4771,150,33,171,58,160,45,CAM_01,28.6139,77.209
149,4.967,73,2,car,0.3689,80,54,113,70,96,62,CAM_01,28.6139,77.209
149,4.967,74,2,car,0.4482,0,56,5,73,2,64,CAM_01,28.6139,77.209
149,4.967,52,7,truck,0.4101,148,33,173,58,160,45,CAM_01,28.6139,77.209
150,5.0,5,2,car,0.7545,53,118,100,144,76,131,CAM_01,28.6139,77.209
150,5.0,6,2,car,0.8441,137,84,176,118,156,101,CAM_01,28.6139,77.209
150,5.0,11,2,car,0.8618,70,78,105,108,87,93,CAM_01,28.6139,77.209
150,5.0,19,2,car,0.8696,154,118,197,143,175,130,CAM_01,28.6139,77.209
150,5.0,54,2,car,0.6562,1,45,17,62,9,53,CAM_01,28.6139,77.209
150,5.0,40,2,car,0.5975,13,42,32,57,22,49,CAM_01,28.6139,77.209
150,5.0,64,2,car,0.6019,151,71,181,97,166,84,CAM_01,28.6139,77.209
150,5.0,57,2,car,0.3595,94,42,116,61,105,51,CAM_01,28.6139,77.209
150,5.0,73,2,car,0.343,80,54,113,70,96,62,CAM_01,28.6139,77.209
150,5.0,74,2,car,0.4939,0,53,6,72,3,62,CAM_01,28.6139,77.209
150,5.0,52,7,truck,0.5591,148,33,173,59,160,46,CAM_01,28.6139,77.209
150,5.0,23,2,car,0.3634,25,39,41,54,33,46,CAM_01,28.6139,77.209
150,5.0,53,2,car,0.3142,84,68,111,93,97,80,CAM_01,28.6139,77.209
151,5.033,5,2,car,0.7467,53,119,100,143,76,131,CAM_01,28.6139,77.209
151,5.033,6,2,car,0.8354,137,84,176,118,156,101,CAM_01,28.6139,77.209
151,5.033,11,2,car,0.8385,70,78,105,108,87,93,CAM_01,28.6139,77.209
151,5.033,19,2,car,0.8475,154,118,198,143,176,130,CAM_01,28.6139,77.209
151,5.033,54,2,car,0.6897,1,45,17,62,9,53,CAM_01,28.6139,77.209
151,5.033,40,2,car,0.607,14,41,33,57,23,49,CAM_01,28.6139,77.209
151,5.033,64,2,car,0.5909,150,72,182,98,166,85,CAM_01,28.6139,77.209
151,5.033,57,2,car,0.344,94,42,116,61,105,51,CAM_01,28.6139,77.209
151,5.033,73,2,car,0.3313,80,54,113,70,96,62,CAM_01,28.6139,77.209
151,5.033,74,2,car,0.5206,0,52,6,72,3,62,CAM_01,28.6139,77.209
151,5.033,52,7,truck,0.5066,148,33,174,59,161,46,CAM_01,28.6139,77.209
151,5.033,23,2,car,0.3075,25,38,42,54,33,46,CAM_01,28.6139,77.209
151,5.033,53,2,car,0.3431,84,68,110,93,97,80,CAM_01,28.6139,77.209
151,5.033,7,5,bus,0.4446,150,33,172,59,161,46,CAM_01,28.6139,77.209
152,5.067,5,2,car,0.7389,51,119,98,143,74,131,CAM_01,28.6139,77.209
152,5.067,6,2,car,0.8348,137,85,176,119,156,102,CAM_01,28.6139,77.209
152,5.067,11,2,car,0.8476,70,78,105,109,87,93,CAM_01,28.6139,77.209
152,5.067,19,2,car,0.8489,155,119,198,144,176,131,CAM_01,28.6139,77.209
152,5.067,54,2,car,0.7071,1,45,17,61,9,53,CAM_01,28.6139,77.209
152,5.067,40,2,car,0.566,13,41,33,58,23,49,CAM_01,28.6139,77.209
152,5.067,64,2,car,0.582,150,72,182,98,166,85,CAM_01,28.6139,77.209
152,5.067,57,2,car,0.3498,94,42,116,61,105,51,CAM_01,28.6139,77.209
152,5.067,73,2,car,0.3308,80,54,113,70,96,62,CAM_01,28.6139,77.209
152,5.067,74,2,car,0.5149,0,51,6,72,3,61,CAM_01,28.6139,77.209
152,5.067,52,7,truck,0.5109,148,33,174,59,161,46,CAM_01,28.6139,77.209
152,5.067,23,2,car,0.3563,25,38,42,54,33,46,CAM_01,28.6139,77.209
152,5.067,53,2,car,0.3356,84,68,110,93,97,80,CAM_01,28.6139,77.209
152,5.067,7,5,bus,0.4571,149,33,172,59,160,46,CAM_01,28.6139,77.209
153,5.1,5,2,car,0.75,52,120,99,143,75,131,CAM_01,28.6139,77.209
153,5.1,6,2,car,0.8132,137,85,176,119,156,102,CAM_01,28.6139,77.209
153,5.1,11,2,car,0.8117,70,78,105,109,87,93,CAM_01,28.6139,77.209
153,5.1,19,2,car,0.8441,155,119,199,144,177,131,CAM_01,28.6139,77.209
153,5.1,54,2,car,0.6907,1,44,17,61,9,52,CAM_01,28.6139,77.209
153,5.1,40,2,car,0.5306,13,41,33,58,23,49,CAM_01,28.6139,77.209
153,5.1,64,2,car,0.4913,150,72,182,98,166,85,CAM_01,28.6139,77.209
153,5.1,57,2,car,0.406,94,42,116,62,105,52,CAM_01,28.6139,77.209
153,5.1,73,2,car,0.3084,80,54,113,71,96,62,CAM_01,28.6139,77.209
153,5.1,74,2,car,0.4707,0,51,6,71,3,61,CAM_01,28.6139,77.209
153,5.1,23,2,car,0.3365,25,38,42,54,33,46,CAM_01,28.6139,77.209
153,5.1,53,2,car,0.6585,83,69,111,95,97,82,CAM_01,28.6139,77.209
154,5.133,5,2,car,0.8018,52,120,99,143,75,131,CAM_01,28.6139,77.209
154,5.133,6,2,car,0.8437,137,85,177,120,157,102,CAM_01,28.6139,77.209
154,5.133,11,2,car,0.8333,69,78,105,109,87,93,CAM_01,28.6139,77.209
154,5.133,19,2,car,0.8435,155,120,198,143,176,131,CAM_01,28.6139,77.209
154,5.133,54,2,car,0.6406,1,44,18,61,9,52,CAM_01,28.6139,77.209
154,5.133,40,2,car,0.6001,14,41,33,57,23,49,CAM_01,28.6139,77.209
154,5.133,64,2,car,0.5824,150,72,182,98,166,85,CAM_01,28.6139,77.209
154,5.133,57,2,car,0.4246,94,42,116,62,105,52,CAM_01,28.6139,77.209
154,5.133,73,2,car,0.3448,81,54,113,71,97,62,CAM_01,28.6139,77.209
154,5.133,74,2,car,0.6275,0,51,6,71,3,61,CAM_01,28.6139,77.209
154,5.133,23,2,car,0.3486,26,38,42,54,34,46,CAM_01,28.6139,77.209
154,5.133,53,2,car,0.6188,83,69,112,96,97,82,CAM_01,28.6139,77.209
154,5.133,78,2,car,0.3194,151,58,177,73,164,65,CAM_01,28.6139,77.209
154,5.133,7,5,bus,0.6004,149,33,172,59,160,46,CAM_01,28.6139,77.209
155,5.167,5,2,car,0.7955,53,121,100,143,76,132,CAM_01,28.6139,77.209
155,5.167,6,2,car,0.8646,137,85,177,120,157,102,CAM_01,28.6139,77.209
155,5.167,11,2,car,0.8308,69,79,105,110,87,94,CAM_01,28.6139,77.209
155,5.167,19,2,car,0.8387,155,121,198,143,176,132,CAM_01,28.6139,77.209
155,5.167,54,2,car,0.6459,1,44,18,61,9,52,CAM_01,28.6139,77.209
155,5.167,40,2,car,0.613,14,41,33,57,23,49,CAM_01,28.6139,77.209
155,5.167,64,2,car,0.643,150,72,182,99,166,85,CAM_01,28.6139,77.209
155,5.167,57,2,car,0.4289,93,42,116,62,104,52,CAM_01,28.6139,77.209
155,5.167,73,2,car,0.4416,81,55,112,71,96,63,CAM_01,28.6139,77.209
155,5.167,74,2,car,0.6415,0,51,6,71,3,61,CAM_01,28.6139,77.209
155,5.167,23,2,car,0.4353,26,38,42,55,34,46,CAM_01,28.6139,77.209
155,5.167,53,2,car,0.623,83,69,112,96,97,82,CAM_01,28.6139,77.209
155,5.167,78,2,car,0.3807,152,59,177,73,164,66,CAM_01,28.6139,77.209
155,5.167,79,2,car,0.3239,84,69,110,89,97,79,CAM_01,28.6139,77.209
155,5.167,7,5,bus,0.5981,149,33,173,59,161,46,CAM_01,28.6139,77.209
156,5.2,5,2,car,0.792,53,122,100,143,76,132,CAM_01,28.6139,77.209
156,5.2,6,2,car,0.827,137,86,177,121,157,103,CAM_01,28.6139,77.209
156,5.2,11,2,car,0.8182,69,79,105,110,87,94,CAM_01,28.6139,77.209
156,5.2,19,2,car,0.844,155,121,198,143,176,132,CAM_01,28.6139,77.209
156,5.2,54,2,car,0.6341,2,44,19,60,10,52,CAM_01,28.6139,77.209
156,5.2,40,2,car,0.6644,15,41,34,57,24,49,CAM_01,28.6139,77.209
156,5.2,64,2,car,0.6468,150,72,182,99,166,85,CAM_01,28.6139,77.209
156,5.2,57,2,car,0.389,93,42,116,62,104,52,CAM_01,28.6139,77.209
156,5.2,73,2,car,0.4989,81,55,112,71,96,63,CAM_01,28.6139,77.209
156,5.2,74,2,car,0.6888,0,51,7,71,3,61,CAM_01,28.6139,77.209
156,5.2,23,2,car,0.4554,26,38,43,55,34,46,CAM_01,28.6139,77.209
156,5.2,53,2,car,0.4914,83,69,112,97,97,83,CAM_01,28.6139,77.209
156,5.2,78,2,car,0.4197,151,59,177,74,164,66,CAM_01,28.6139,77.209
156,5.2,79,2,car,0.3242,85,69,108,87,96,78,CAM_01,28.6139,77.209
156,5.2,7,5,bus,0.6849,149,33,173,59,161,46,CAM_01,28.6139,77.209
157,5.233,5,2,car,0.7425,53,123,99,143,76,133,CAM_01,28.6139,77.209
157,5.233,6,2,car,0.8637,137,86,177,121,157,103,CAM_01,28.6139,77.209
157,5.233,11,2,car,0.825,69,79,105,110,87,94,CAM_01,28.6139,77.209
157,5.233,19,2,car,0.8308,156,122,198,143,177,132,CAM_01,28.6139,77.209
157,5.233,54,2,car,0.6321,2,45,19,61,10,53,CAM_01,28.6139,77.209
157,5.233,40,2,car,0.6761,15,41,34,57,24,49,CAM_01,28.6139,77.209
157,5.233,64,2,car,0.5776,151,73,183,99,167,86,CAM_01,28.6139,77.209
157,5.233,57,2,car,0.4013,93,42,116,62,104,52,CAM_01,28.6139,77.209
157,5.233,73,2,car,0.5198,81,55,111,71,96,63,CAM_01,28.6139,77.209
157,5.233,74,2,car,0.7501,0,51,7,71,3,61,CAM_01,28.6139,77.209
157,5.233,23,2,car,0.4093,26,39,43,55,34,47,CAM_01,28.6139,77.209
157,5.233,53,2,car,0.5059,84,69,110,93,97,81,CAM_01,28.6139,77.209
157,5.233,78,2,car,0.4326,152,59,177,73,164,66,CAM_01,28.6139,77.209
157,5.233,7,5,bus,0.6216,149,34,173,59,161,46,CAM_01,28.6139,77.209
158,5.267,5,2,car,0.7573,53,123,99,143,76,133,CAM_01,28.6139,77.209
158,5.267,6,2,car,0.8604,137,86,177,121,157,103,CAM_01,28.6139,77.209
158,5.267,11,2,car,0.8343,69,79,105,110,87,94,CAM_01,28.6139,77.209
158,5.267,19,2,car,0.8296,156,122,198,143,177,132,CAM_01,28.6139,77.209
158,5.267,54,2,car,0.6293,2,44,20,61,11,52,CAM_01,28.6139,77.209
158,5.267,40,2,car,0.6716,16,41,34,57,25,49,CAM_01,28.6139,77.209
158,5.267,64,2,car,0.6428,150,72,183,99,166,85,CAM_01,28.6139,77.209
158,5.267,57,2,car,0.3958,93,42,116,62,104,52,CAM_01,28.6139,77.209
158,5.267,73,2,car,0.4864,82,55,111,71,96,63,CAM_01,28.6139,77.209
158,5.267,74,2,car,0.7382,0,51,7,70,3,60,CAM_01,28.6139,77.209
158,5.267,23,2,car,0.332,27,38,43,55,35,46,CAM_01,28.6139,77.209
158,5.267,53,2,car,0.476,85,69,109,91,97,80,CAM_01,28.6139,77.209
158,5.267,78,2,car,0.456,152,59,177,73,164,66,CAM_01,28.6139,77.209
158,5.267,7,5,bus,0.6325,149,34,173,59,161,46,CAM_01,28.6139,77.209
158,5.267,79,2,car,0.3108,88,69,105,82,96,75,CAM_01,28.6139,77.209
159,5.3,5,2,car,0.7273,53,124,98,143,75,133,CAM_01,28.6139,77.209
159,5.3,6,2,car,0.8644,137,86,177,121,157,103,CAM_01,28.6139,77.209
159,5.3,11,2,car,0.8387,69,80,105,111,87,95,CAM_01,28.6139,77.209
159,5.3,19,2,car,0.8267,155,123,198,143,176,133,CAM_01,28.6139,77.209
159,5.3,54,2,car,0.6656,2,44,20,61,11,52,CAM_01,28.6139,77.209
159,5.3,40,2,car,0.6765,16,41,35,57,25,49,CAM_01,28.6139,77.209
159,5.3,64,2,car,0.6639,151,72,183,100,167,86,CAM_01,28.6139,77.209
159,5.3,57,2,car,0.447,93,43,116,62,104,52,CAM_01,28.6139,77.209
159,5.3,73,2,car,0.5449,82,55,111,71,96,63,CAM_01,28.6139,77.209
159,5.3,74,2,car,0.8048,0,51,7,70,3,60,CAM_01,28.6139,77.209
159,5.3,23,2,car,0.3187,27,39,43,54,35,46,CAM_01,28.6139,77.209
159,5.3,53,2,car,0.434,84,69,109,91,96,80,CAM_01,28.6139,77.209
159,5.3,78,2,car,0.4655,152,59,177,73,164,66,CAM_01,28.6139,77.209
159,5.3,7,5,bus,0.6717,148,34,173,60,160,47,CAM_01,28.6139,77.209
160,5.333,5,2,car,0.7217,53,124,98,143,75,133,CAM_01,28.6139,77.209
160,5.333,6,2,car,0.8558,137,87,178,122,157,104,CAM_01,28.6139,77.209
160,5.333,11,2,car,0.841,69,80,105,111,87,95,CAM_01,28.6139,77.209
160,5.333,19,2,car,0.8214,156,123,197,143,176,133,CAM_01,28.6139,77.209
160,5.333,54,2,car,0.6128,3,44,21,60,12,52,CAM_01,28.6139,77.209
160,5.333,40,2,car,0.6909,16,41,35,57,25,49,CAM_01,28.6139,77.209
160,5.333,64,2,car,0.6947,150,72,184,100,167,86,CAM_01,28.6139,77.209
160,5.333,57,2,car,0.5214,93,43,116,62,104,52,CAM_01,28.6139,77.209
160,5.333,73,2,car,0.4439,81,55,111,72,96,63,CAM_01,28.6139,77.209
160,5.333,74,2,car,0.8064,1,51,8,70,4,60,CAM_01,28.6139,77.209
160,5.333,23,2,car,0.3258,27,39,44,54,35,46,CAM_01,28.6139,77.209
160,5.333,53,2,car,0.5145,84,69,108,90,96,79,CAM_01,28.6139,77.209
160,5.333,78,2,car,0.4421,153,59,178,73,165,66,CAM_01,28.6139,77.209
160,5.333,7,5,bus,0.6535,149,34,173,60,161,47,CAM_01,28.6139,77.209
161,5.367,5,2,car,0.7359,54,125,98,143,76,134,CAM_01,28.6139,77.209
161,5.367,6,2,car,0.8454,137,87,177,122,157,104,CAM_01,28.6139,77.209
161,5.367,11,2,car,0.8302,69,80,104,111,86,95,CAM_01,28.6139,77.209
161,5.367,19,2,car,0.7974,156,124,197,143,176,133,CAM_01,28.6139,77.209
161,5.367,54,2,car,0.614,3,44,21,60,12,52,CAM_01,28.6139,77.209
161,5.367,40,2,car,0.6629,16,41,35,57,25,49,CAM_01,28.6139,77.209
161,5.367,64,2,car,0.665,150,73,184,100,167,86,CAM_01,28.6139,77.209
161,5.367,57,2,car,0.5285,93,43,116,62,104,52,CAM_01,28.6139,77.209
161,5.367,73,2,car,0.4202,80,55,112,73,96,64,CAM_01,28.6139,77.209
161,5.367,74,2,car,0.7939,1,51,8,70,4,60,CAM_01,28.6139,77.209
161,5.367,23,2,car,0.3172,28,39,44,54,36,46,CAM_01,28.6139,77.209
161,5.367,53,2,car,0.5606,84,69,108,90,96,79,CAM_01,28.6139,77.209
161,5.367,78,2,car,0.4291,153,59,178,73,165,66,CAM_01,28.6139,77.209
161,5.367,7,5,bus,0.6102,149,34,173,60,161,47,CAM_01,28.6139,77.209
162,5.4,5,2,car,0.7283,53,125,98,143,75,134,CAM_01,28.6139,77.209
162,5.4,6,2,car,0.8202,137,87,178,123,157,105,CAM_01,28.6139,77.209
162,5.4,11,2,car,0.8309,68,80,104,111,86,95,CAM_01,28.6139,77.209
162,5.4,19,2,car,0.8043,157,125,197,143,177,134,CAM_01,28.6139,77.209
162,5.4,54,2,car,0.5568,3,44,22,60,12,52,CAM_01,28.6139,77.209
162,5.4,40,2,car,0.5789,17,41,35,57,26,49,CAM_01,28.6139,77.209
162,5.4,64,2,car,0.669,150,72,184,100,167,86,CAM_01,28.6139,77.209
162,5.4,57,2,car,0.5076,93,43,116,62,104,52,CAM_01,28.6139,77.209
162,5.4,73,2,car,0.3575,79,55,113,75,96,65,CAM_01,28.6139,77.209
162,5.4,74,2,car,0.7434,1,50,8,70,4,60,CAM_01,28.6139,77.209
162,5.4,53,2,car,0.5877,84,69,108,90,96,79,CAM_01,28.6139,77.209
162,5.4,78,2,car,0.3562,152,59,178,73,165,66,CAM_01,28.6139,77.209
162,5.4,7,5,bus,0.6558,149,34,173,60,161,47,CAM_01,28.6139,77.209
163,5.433,5,2,car,0.692,53,127,96,143,74,135,CAM_01,28.6139,77.209
163,5.433,6,2,car,0.8424,137,87,178,123,157,105,CAM_01,28.6139,77.209
163,5.433,11,2,car,0.8141,68,81,104,112,86,96,CAM_01,28.6139,77.209
163,5.433,19,2,car,0.8119,158,125,198,143,178,134,CAM_01,28.6139,77.209
163,5.433,54,2,car,0.5398,3,43,22,60,12,51,CAM_01,28.6139,77.209
163,5.433,40,2,car,0.599,17,41,35,57,26,49,CAM_01,28.6139,77.209
163,5.433,64,2,car,0.5768,150,73,184,101,167,87,CAM_01,28.6139,77.209
163,5.433,57,2,car,0.4982,93,43,116,62,104,52,CAM_01,28.6139,77.209
163,5.433,73,2,car,0.4117,79,55,113,75,96,65,CAM_01,28.6139,77.209
163,5.433,74,2,car,0.751,1,50,9,70,5,60,CAM_01,28.6139,77.209
163,5.433,53,2,car,0.6002,84,69,108,90,96,79,CAM_01,28.6139,77.209
163,5.433,78,2,car,0.3558,152,59,178,74,165,66,CAM_01,28.6139,77.209
163,5.433,7,5,bus,0.6839,148,34,174,60,161,47,CAM_01,28.6139,77.209
164,5.467,5,2,car,0.6844,52,127,95,143,73,135,CAM_01,28.6139,77.209
164,5.467,6,2,car,0.844,137,87,178,123,157,105,CAM_01,28.6139,77.209
164,5.467,11,2,car,0.8156,68,81,104,112,86,96,CAM_01,28.6139,77.209
164,5.467,19,2,car,0.7923,158,125,198,142,178,133,CAM_01,28.6139,77.209
164,5.467,54,2,car,0.5713,3,43,22,60,12,51,CAM_01,28.6139,77.209
164,5.467,40,2,car,0.6433,17,41,35,57,26,49,CAM_01,28.6139,77.209
164,5.467,64,2,car,0.5782,150,73,184,102,167,87,CAM_01,28.6139,77.209
164,5.467,57,2,car,0.5137,93,43,116,62,104,52,CAM_01,28.6139,77.209
164,5.467,73,2,car,0.4091,79,55,113,76,96,65,CAM_01,28.6139,77.209
164,5.467,74,2,car,0.7616,1,50,9,69,5,59,CAM_01,28.6139,77.209
164,5.467,53,2,car,0.5193,83,69,109,91,96,80,CAM_01,28.6139,77.209
164,5.467,78,2,car,0.3462,152,59,178,74,165,66,CAM_01,28.6139,77.209
164,5.467,7,5,bus,0.7104,148,34,173,60,160,47,CAM_01,28.6139,77.209
165,5.5,5,2,car,0.6287,51,128,93,143,72,135,CAM_01,28.6139,77.209
165,5.5,6,2,car,0.827,137,88,178,124,157,106,CAM_01,28.6139,77.209
165,5.5,11,2,car,0.8315,68,81,104,113,86,97,CAM_01,28.6139,77.209
165,5.5,19,2,car,0.7866,158,126,198,143,178,134,CAM_01,28.6139,77.209
165,5.5,54,2,car,0.5186,4,43,23,60,13,51,CAM_01,28.6139,77.209
165,5.5,40,2,car,0.6158,17,41,35,57,26,49,CAM_01,28.6139,77.209
165,5.5,64,2,car,0.5503,150,73,184,102,167,87,CAM_01,28.6139,77.209
165,5.5,57,2,car,0.4498,93,43,116,62,104,52,CAM_01,28.6139,77.209
165,5.5,73,2,car,0.3117,79,56,112,76,95,66,CAM_01,28.6139,77.209
165,5.5,74,2,car,0.768,1,49,9,69,5,59,CAM_01,28.6139,77.209
165,5.5,53,2,car,0.485,81,70,112,96,96,83,CAM_01,28.6139,77.209
165,5.5,78,2,car,0.3515,152,60,178,74,165,67,CAM_01,28.6139,77.209
165,5.5,7,5,bus,0.7201,148,34,174,61,161,47,CAM_01,28.6139,77.209
166,5.533,5,2,car,0.6217,51,129,92,143,71,136,CAM_01,28.6139,77.209
166,5.533,6,2,car,0.8215,137,88,178,124,157,106,CAM_01,28.6139,77.209
166,5.533,11,2,car,0.8426,68,81,104,113,86,97,CAM_01,28.6139,77.209
166,5.533,19,2,car,0.7465,159,127,199,143,179,135,CAM_01,28.6139,77.209
166,5.533,54,2,car,0.5274,3,43,23,59,13,51,CAM_01,28.6139,77.209
166,5.533,40,2,car,0.5829,18,41,36,56,27,48,CAM_01,28.6139,77.209
166,5.533,64,2,car,0.5422,150,73,184,102,167,87,CAM_01,28.6139,77.209
166,5.533,57,2,car,0.453,93,43,116,63,104,53,CAM_01,28.6139,77.209
166,5.533,73,2,car,0.3537,80,56,112,76,96,66,CAM_01,28.6139,77.209
166,5.533,74,2,car,0.7881,1,49,9,69,5,59,CAM_01,28.6139,77.209
166,5.533,53,2,car,0.5969,80,70,113,98,96,84,CAM_01,28.6139,77.209
166,5.533,78,2,car,0.394,152,60,178,74,165,67,CAM_01,28.6139,77.209
166,5.533,7,5,bus,0.7131,148,34,174,61,161,47,CAM_01,28.6139,77.209
167,5.567,5,2,car,0.6358,52,130,91,143,71,136,CAM_01,28.6139,77.209
167,5.567,6,2,car,0.8429,137,89,178,124,157,106,CAM_01,28.6139,77.209
167,5.567,11,2,car,0.8459,68,82,104,113,86,97,CAM_01,28.6139,77.209
167,5.567,19,2,car,0.7378,159,128,198,143,178,135,CAM_01,28.6139,77.209
167,5.567,54,2,car,0.4096,4,43,23,59,13,51,CAM_01,28.6139,77.209
167,5.567,40,2,car,0.5583,18,41,36,56,27,48,CAM_01,28.6139,77.209
167,5.567,64,2,car,0.5025,150,73,184,102,167,87,CAM_01,28.6139,77.209
167,5.567,57,2,car,0.4704,93,43,116,63,104,53,CAM_01,28.6139,77.209
167,5.567,73,2,car,0.4838,80,56,112,76,96,66,CAM_01,28.6139,77.209
167,5.567,74,2,car,0.7998,1,49,10,69,5,59,CAM_01,28.6139,77.209
167,5.567,53,2,car,0.6014,80,70,113,99,96,84,CAM_01,28.6139,77.209
167,5.567,78,2,car,0.3785,152,60,178,74,165,67,CAM_01,28.6139,77.209
167,5.567,7,5,bus,0.7125,148,34,174,61,161,47,CAM_01,28.6139,77.209
168,5.6,5,2,car,0.6582,53,130,91,143,72,136,CAM_01,28.6139,77.209
168,5.6,6,2,car,0.831,137,89,178,125,157,107,CAM_01,28.6139,77.209
168,5.6,11,2,car,0.8245,67,82,104,114,85,98,CAM_01,28.6139,77.209
168,5.6,19,2,car,0.6752,159,128,198,143,178,135,CAM_01,28.6139,77.209
168,5.6,54,2,car,0.5606,5,43,24,59,14,51,CAM_01,28.6139,77.209
168,5.6,40,2,car,0.5837,19,41,36,56,27,48,CAM_01,28.6139,77.209
168,5.6,64,2,car,0.6214,150,74,184,103,167,88,CAM_01,28.6139,77.209
168,5.6,57,2,car,0.4736,92,43,116,63,104,53,CAM_01,28.6139,77.209
168,5.6,73,2,car,0.347,80,56,112,76,96,66,CAM_01,28.6139,77.209
168,5.6,74,2,car,0.7919,1,49,10,68,5,58,CAM_01,28.6139,77.209
168,5.6,53,2,car,0.5849,80,70,113,99,96,84,CAM_01,28.6139,77.209
168,5.6,78,2,car,0.527,153,60,178,75,165,67,CAM_01,28.6139,77.209
168,5.6,7,5,bus,0.6561,148,34,174,61,161,47,CAM_01,28.6139,77.209
169,5.633,5,2,car,0.5623,53,131,90,143,71,137,CAM_01,28.6139,77.209
169,5.633,6,2,car,0.8245,136,89,179,126,157,107,CAM_01,28.6139,77.209
169,5.633,11,2,car,0.836,67,82,104,114,85,98,CAM_01,28.6139,77.209
169,5.633,19,2,car,0.7144,160,129,198,143,179,136,CAM_01,28.6139,77.209
169,5.633,54,2,car,0.551,6,43,25,59,15,51,CAM_01,28.6139,77.209
169,5.633,40,2,car,0.5499,19,41,36,56,27,48,CAM_01,28.6139,77.209
169,5.633,64,2,car,0.5799,150,74,184,103,167,88,CAM_01,28.6139,77.209
169,5.633,57,2,car,0.4754,92,43,116,64,104,53,CAM_01,28.6139,77.209
169,5.633,73,2,car,0.3813,80,56,112,77,96,66,CAM_01,28.6139,77.209
169,5.633,74,2,car,0.757,1,49,10,68,5,58,CAM_01,28.6139,77.209
169,5.633,53,2,car,0.5173,80,70,113,100,96,85,CAM_01,28.6139,77.209
169,5.633,78,2,car,0.4976,153,60,178,75,165,67,CAM_01,28.6139,77.209
169,5.633,7,5,bus,0.6645,148,34,174,61,161,47,CAM_01,28.6139,77.209
170,5.667,5,2,car,0.6295,53,132,89,143,71,137,CAM_01,28.6139,77.209
170,5.667,6,2,car,0.8314,136,89,179,126,157,107,CAM_01,28.6139,77.209
170,5.667,11,2,car,0.8509,67,82,104,114,85,98,CAM_01,28.6139,77.209
170,5.667,19,2,car,0.7115,160,130,198,143,179,136,CAM_01,28.6139,77.209
170,5.667,54,2,car,0.4958,6,43,25,59,15,51,CAM_01,28.6139,77.209
170,5.667,40,2,car,0.5015,20,41,36,56,28,48,CAM_01,28.6139,77.209
170,5.667,64,2,car,0.6296,150,74,184,103,167,88,CAM_01,28.6139,77.209
170,5.667,57,2,car,0.5139,93,43,116,63,104,53,CAM_01,28.6139,77.209
170,5.667,73,2,car,0.4224,80,56,112,77,96,66,CAM_01,28.6139,77.209
170,5.667,74,2,car,0.7713,1,49,10,68,5,58,CAM_01,28.6139,77.209
170,5.667,53,2,car,0.4661,80,70,112,100,96,85,CAM_01,28.6139,77.209
170,5.667,78,2,car,0.5104,153,61,178,75,165,68,CAM_01,28.6139,77.209
170,5.667,7,5,bus,0.6656,148,34,174,61,161,47,CAM_01,28.6139,77.209
171,5.7,5,2,car,0.635,53,132,88,143,70,137,CAM_01,28.6139,77.209
171,5.7,6,2,car,0.8225,137,90,179,126,158,108,CAM_01,28.6139,77.209
171,5.7,11,2,car,0.8382,67,82,104,114,85,98,CAM_01,28.6139,77.209
171,5.7,19,2,car,0.6933,161,130,198,143,179,136,CAM_01,28.6139,77.209
171,5.7,54,2,car,0.5294,6,43,25,59,15,51,CAM_01,28.6139,77.209
171,5.7,40,2,car,0.4562,20,41,37,55,28,48,CAM_01,28.6139,77.209
171,5.7,64,2,car,0.5548,150,74,184,103,167,88,CAM_01,28.6139,77.209
171,5.7,57,2,car,0.5568,93,43,116,63,104,53,CAM_01,28.6139,77.209
171,5.7,73,2,car,0.4053,80,56,112,78,96,67,CAM_01,28.6139,77.209
171,5.7,74,2,car,0.7955,1,49,11,68,6,58,CAM_01,28.6139,77.209
171,5.7,53,2,car,0.454,80,71,112,100,96,85,CAM_01,28.6139,77.209
171,5.7,78,2,car,0.4794,153,60,179,75,166,67,CAM_01,28.6139,77.209
171,5.7,7,5,bus,0.6714,148,34,174,61,161,47,CAM_01,28.6139,77.209
172,5.733,5,2,car,0.58,53,133,87,143,70,138,CAM_01,28.6139,77.209
172,5.733,6,2,car,0.8343,137,90,180,127,158,108,CAM_01,28.6139,77.209
172,5.733,11,2,car,0.8608,67,83,104,115,85,99,CAM_01,28.6139,77.209
172,5.733,19,2,car,0.715,163,131,198,143,180,137,CAM_01,28.6139,77.209
172,5.733,54,2,car,0.5442,7,43,26,59,16,51,CAM_01,28.6139,77.209
172,5.733,40,2,car,0.4565,21,41,37,55,29,48,CAM_01,28.6139,77.209
172,5.733,64,2,car,0.5724,150,75,184,104,167,89,CAM_01,28.6139,77.209
172,5.733,57,2,car,0.5021,93,43,116,63,104,53,CAM_01,28.6139,77.209
172,5.733,74,2,car,0.7791,1,48,11,68,6,58,CAM_01,28.6139,77.209
172,5.733,53,2,car,0.4753,80,71,112,100,96,85,CAM_01,28.6139,77.209
172,5.733,78,2,car,0.5219,153,61,179,75,166,68,CAM_01,28.6139,77.209
172,5.733,7,5,bus,0.6432,148,35,174,61,161,48,CAM_01,28.6139,77.209
173,5.767,5,2,car,0.5054,54,134,86,143,70,138,CAM_01,28.6139,77.209
173,5.767,6,2,car,0.8339,137,90,180,127,158,108,CAM_01,28.6139,77.209
173,5.767,11,2,car,0.8623,66,83,104,115,85,99,CAM_01,28.6139,77.209
173,5.767,19,2,car,0.7396,163,131,199,143,181,137,CAM_01,28.6139,77.209
173,5.767,54,2,car,0.3889,8,43,26,59,17,51,CAM_01,28.6139,77.209
173,5.767,40,2,car,0.4129,21,41,37,55,29,48,CAM_01,28.6139,77.209
173,5.767,64,2,car,0.5604,150,75,184,104,167,89,CAM_01,28.6139,77.209
173,5.767,57,2,car,0.4414,92,43,116,64,104,53,CAM_01,28.6139,77.209
173,5.767,74,2,car,0.7864,1,48,11,68,6,58,CAM_01,28.6139,77.209
173,5.767,53,2,car,0.4917,80,71,112,100,96,85,CAM_01,28.6139,77.209
173,5.767,78,2,car,0.4915,154,61,179,75,166,68,CAM_01,28.6139,77.209
173,5.767,7,5,bus,0.6327,148,35,174,61,161,48,CAM_01,28.6139,77.209
174,5.8,5,2,car,0.4112,54,135,85,143,69,139,CAM_01,28.6139,77.209
174,5.8,6,2,car,0.8312,137,91,180,128,158,109,CAM_01,28.6139,77.209
174,5.8,11,2,car,0.8539,66,83,104,115,85,99,CAM_01,28.6139,77.209
174,5.8,19,2,car,0.6856,164,132,199,143,181,137,CAM_01,28.6139,77.209
174,5.8,54,2,car,0.3349,6,40,27,59,16,49,CAM_01,28.6139,77.209
174,5.8,40,2,car,0.5186,21,41,37,54,29,47,CAM_01,28.6139,77.209
174,5.8,64,2,car,0.6018,150,75,184,104,167,89,CAM_01,28.6139,77.209
174,5.8,57,2,car,0.4298,93,43,116,64,104,53,CAM_01,28.6139,77.209
174,5.8,74,2,car,0.7394,1,48,12,67,6,57,CAM_01,28.6139,77.209
174,5.8,53,2,car,0.4352,80,71,112,100,96,85,CAM_01,28.6139,77.209
174,5.8,78,2,car,0.4756,153,61,179,76,166,68,CAM_01,28.6139,77.209
174,5.8,7,5,bus,0.6533,148,35,174,61,161,48,CAM_01,28.6139,77.209
174,5.8,73,2,car,0.3858,81,56,111,77,96,66,CAM_01,28.6139,77.209
175,5.833,5,2,car,0.415,55,136,83,143,69,139,CAM_01,28.6139,77.209
175,5.833,6,2,car,0.8525,138,92,180,128,159,110,CAM_01,28.6139,77.209
175,5.833,11,2,car,0.8248,66,83,104,116,85,99,CAM_01,28.6139,77.209
175,5.833,19,2,car,0.6867,165,133,198,143,181,138,CAM_01,28.6139,77.209
175,5.833,54,2,car,0.4662,7,42,27,58,17,50,CAM_01,28.6139,77.209
175,5.833,40,2,car,0.5617,22,41,38,54,30,47,CAM_01,28.6139,77.209
175,5.833,64,2,car,0.5988,151,76,183,104,167,90,CAM_01,28.6139,77.209
175,5.833,57,2,car,0.3802,92,43,116,64,104,53,CAM_01,28.6139,77.209
175,5.833,74,2,car,0.7228,1,48,12,67,6,57,CAM_01,28.6139,77.209
175,5.833,53,2,car,0.6207,81,72,112,101,96,86,CAM_01,28.6139,77.209
175,5.833,78,2,car,0.4889,153,61,180,76,166,68,CAM_01,28.6139,77.209
175,5.833,7,5,bus,0.6495,148,35,174,62,161,48,CAM_01,28.6139,77.209
175,5.833,73,2,car,0.3163,82,56,110,77,96,66,CAM_01,28.6139,77.209
176,5.867,6,2,car,0.8354,138,92,181,129,159,110,CAM_01,28.6139,77.209
176,5.867,11,2,car,0.8044,66,83,104,116,85,99,CAM_01,28.6139,77.209
176,5.867,19,2,car,0.6599,165,133,198,143,181,138,CAM_01,28.6139,77.209
176,5.867,54,2,car,0.484,8,42,27,58,17,50,CAM_01,28.6139,77.209
176,5.867,40,2,car,0.5751,23,41,38,54,30,47,CAM_01,28.6139,77.209
176,5.867,64,2,car,0.6259,150,76,184,104,167,90,CAM_01,28.6139,77.209
176,5.867,57,2,car,0.3859,93,44,116,64,104,54,CAM_01,28.6139,77.209
176,5.867,74,2,car,0.6858,1,48,12,67,6,57,CAM_01,28.6139,77.209
176,5.867,53,2,car,0.6046,81,72,112,101,96,86,CAM_01,28.6139,77.209
176,5.867,78,2,car,0.5238,153,61,180,76,166,68,CAM_01,28.6139,77.209
176,5.867,7,5,bus,0.6243,148,35,174,61,161,48,CAM_01,28.6139,77.209
176,5.867,73,2,car,0.3265,82,57,110,77,96,67,CAM_01,28.6139,77.209
177,5.9,6,2,car,0.8393,137,92,181,129,159,110,CAM_01,28.6139,77.209
177,5.9,11,2,car,0.8204,66,84,104,117,85,100,CAM_01,28.6139,77.209
177,5.9,19,2,car,0.6295,166,134,197,143,181,138,CAM_01,28.6139,77.209
177,5.9,54,2,car,0.4511,9,43,27,58,18,50,CAM_01,28.6139,77.209
177,5.9,40,2,car,0.5677,23,41,38,54,30,47,CAM_01,28.6139,77.209
177,5.9,64,2,car,0.5421,151,76,183,104,167,90,CAM_01,28.6139,77.209
177,5.9,57,2,car,0.4457,93,44,115,64,104,54,CAM_01,28.6139,77.209
177,5.9,74,2,car,0.6934,1,47,13,67,7,57,CAM_01,28.6139,77.209
177,5.9,53,2,car,0.6731,81,72,112,102,96,87,CAM_01,28.6139,77.209
177,5.9,78,2,car,0.5603,153,61,180,76,166,68,CAM_01,28.6139,77.209
177,5.9,7,5,bus,0.5833,148,35,174,62,161,48,CAM_01,28.6139,77.209
177,5.9,73,2,car,0.5171,82,57,110,76,96,66,CAM_01,28.6139,77.209
178,5.933,6,2,car,0.8676,137,92,181,130,159,111,CAM_01,28.6139,77.209
178,5.933,11,2,car,0.8264,66,84,104,117,85,100,CAM_01,28.6139,77.209
178,5.933,19,2,car,0.5874,167,135,196,143,181,139,CAM_01,28.6139,77.209
178,5.933,54,2,car,0.4697,8,40,29,58,18,49,CAM_01,28.6139,77.209
178,5.933,40,2,car,0.584,23,41,39,54,31,47,CAM_01,28.6139,77.209
178,5.933,64,2,car,0.4976,150,76,183,104,166,90,CAM_01,28.6139,77.209
178,5.933,57,2,car,0.4586,93,44,115,64,104,54,CAM_01,28.6139,77.209
178,5.933,74,2,car,0.683,1,47,13,67,7,57,CAM_01,28.6139,77.209
178,5.933,53,2,car,0.7243,80,72,112,102,96,87,CAM_01,28.6139,77.209
178,5.933,78,2,car,0.5883,153,61,180,77,166,69,CAM_01,28.6139,77.209
178,5.933,7,5,bus,0.5799,148,35,174,62,161,48,CAM_01,28.6139,77.209
178,5.933,73,2,car,0.4868,82,57,110,77,96,67,CAM_01,28.6139,77.209
179,5.967,6,2,car,0.8535,138,93,181,131,159,112,CAM_01,28.6139,77.209
179,5.967,11,2,car,0.8101,66,85,103,118,84,101,CAM_01,28.6139,77.209
179,5.967,19,2,car,0.5261,168,136,195,143,181,139,CAM_01,28.6139,77.209
179,5.967,54,2,car,0.5306,7,39,29,58,18,48,CAM_01,28.6139,77.209
179,5.967,40,2,car,0.624,23,41,39,55,31,48,CAM_01,28.6139,77.209
179,5.967,64,2,car,0.5675,150,76,184,104,167,90,CAM_01,28.6139,77.209
179,5.967,57,2,car,0.4748,93,45,115,64,104,54,CAM_01,28.6139,77.209
179,5.967,74,2,car,0.6842,1,47,13,67,7,57,CAM_01,28.6139,77.209
179,5.967,53,2,car,0.7154,80,72,112,102,96,87,CAM_01,28.6139,77.209
179,5.967,78,2,car,0.554,153,62,180,77,166,69,CAM_01,28.6139,77.209
179,5.967,7,5,bus,0.5423,148,35,174,62,161,48,CAM_01,28.6139,77.209
179,5.967,73,2,car,0.4877,82,57,110,77,96,67,CAM_01,28.6139,77.209
180,6.0,6,2,car,0.8587,138,93,181,131,159,112,CAM_01,28.6139,77.209
180,6.0,11,2,car,0.8268,65,85,103,118,84,101,CAM_01,28.6139,77.209
180,6.0,19,2,car,0.549,169,136,194,143,181,139,CAM_01,28.6139,77.209
180,6.0,54,2,car,0.6135,8,40,29,58,18,49,CAM_01,28.6139,77.209
180,6.0,40,2,car,0.6087,23,41,39,55,31,48,CAM_01,28.6139,77.209
180,6.0,64,2,car,0.4976,150,76,185,105,167,90,CAM_01,28.6139,77.209
180,6.0,57,2,car,0.5107,92,45,115,64,103,54,CAM_01,28.6139,77.209
180,6.0,74,2,car,0.6888,1,47,13,67,7,57,CAM_01,28.6139,77.209
180,6.0,53,2,car,0.7885,80,72,112,103,96,87,CAM_01,28.6139,77.209
180,6.0,78,2,car,0.589,153,62,180,77,166,69,CAM_01,28.6139,77.209
180,6.0,7,7,truck,0.4796,148,35,174,62,161,48,CAM_01,28.6139,77.209
180,6.0,73,2,car,0.3718,82,57,110,77,96,67,CAM_01,28.6139,77.209
